shot,target_id,target_label,L0,Lm,Lnm,delta_m,delta_nm,tau,embedding_model,prefix_ratio,sample_count_limit,cache_path
7,f3d77fc4bef3d4fbcfa78e2374950e34b8405f9438d644d80c75dce2dd1ddf84,0,-31.8542040308,-35.466997564,-38.4586084121,-3.61279353324,-6.60440438135,0.2,sentence-transformers/all-MiniLM-L6-v2,0.0,,ablation/WikiMIA/WikiMIA_length32/pythia-6.9b/7
7,3927e90d73be56f1a8b6e9bc1c7e4f7417aab859c1e6bd93af98f976bd1d1266,1,-46.0504969963,-40.7701525679,-42.1650994549,5.28034442847,3.8853975414,0.2,sentence-transformers/all-MiniLM-L6-v2,0.0,,ablation/WikiMIA/WikiMIA_length32/pythia-6.9b/7
7,5e05b2330aa0c5de754be2689c5931f05f5df461032a7ef65c291fea46b5d05b,0,-60.9554514367,-60.0821228798,-61.7501642633,0.873328556906,-0.794712826602,0.2,sentence-transformers/all-MiniLM-L6-v2,0.0,,ablation/WikiMIA/WikiMIA_length32/pythia-6.9b/7
7,55183aef30d805134a142d21fdf6dfe9b3dbe87b2b54d854a046de3157575b89,1,-47.5492135198,-46.318449518,-49.9531342869,1.23076400176,-2.4039207671,0.2,sentence-transformers/all-MiniLM-L6-v2,0.0,,ablation/WikiMIA/WikiMIA_length32/pythia-6.9b/7
7,9a8b543f443ef1ed5844a003165c887e6a86017be949121ec98a20498ec4a982,0,-59.6257814398,-57.2948190166,-56.6186341321,2.33096242326,3.00714730777,0.2,sentence-transformers/all-MiniLM-L6-v2,0.0,,ablation/WikiMIA/WikiMIA_length32/pythia-6.9b/7
7,30db05bb86d0f76d4fc3650a49ffa369929d352815fbb0fbff2efcc37b1c53f7,1,-61.6667971892,-62.1922434585,-64.3105072928,-0.525446269287,-2.64371010359,0.2,sentence-transformers/all-MiniLM-L6-v2,0.0,,ablation/WikiMIA/WikiMIA_length32/pythia-6.9b/7
7,307cac6247cdc28df3d5551e5acabb93db0fe1fc98ebed6e45d8637ac96a549a,0,-36.4065572739,-30.8120617784,-28.630908818,5.59449549553,7.77564845589,0.2,sentence-transformers/all-MiniLM-L6-v2,0.0,,ablation/WikiMIA/WikiMIA_length32/pythia-6.9b/7
7,b909811ef7ec246646a3772136524e29921900c64f82983134ab5e99356cb077,1,-59.9884619526,-54.3454608706,-55.3663020627,5.64300108198,4.62215988986,0.2,sentence-transformers/all-MiniLM-L6-v2,0.0,,ablation/WikiMIA/WikiMIA_length32/pythia-6.9b/7
7,cd641b77c41e74e343ef51186ba806d9c74bcbd9a790ddecab08bc4b82130649,0,-37.3724864288,-38.2916798751,-36.8302252196,-0.919193446243,0.542261209232,0.2,sentence-transformers/all-MiniLM-L6-v2,0.0,,ablation/WikiMIA/WikiMIA_length32/pythia-6.9b/7
7,0435508a91b52591d548c811f9126bdc64c5b98008dc58b436a9a2ae2b5808fe,1,-37.9804877996,-34.5517972333,-36.4123661172,3.42869056634,1.56812168241,0.2,sentence-transformers/all-MiniLM-L6-v2,0.0,,ablation/WikiMIA/WikiMIA_length32/pythia-6.9b/7
7,69a38e5c044a241800e70a66210f5d0c8864b7928effb48de83639f743013779,0,-52.8827057432,-49.8315593559,-47.6724725727,3.05114638724,5.21023317049,0.2,sentence-transformers/all-MiniLM-L6-v2,0.0,,ablation/WikiMIA/WikiMIA_length32/pythia-6.9b/7
7,a2b45a1d91e1604cb7573694f7670996708ed26debe5799363015dd8fa791671,1,-71.4227275661,-70.0368299969,-77.5608727208,1.38589756919,-6.13814515469,0.2,sentence-transformers/all-MiniLM-L6-v2,0.0,,ablation/WikiMIA/WikiMIA_length32/pythia-6.9b/7
7,f87e343f8b61371618152041d76bc9d60fbc165f60d1e069bc18f22b63af4212,0,-63.9654546592,-63.1668424091,-64.0609489339,0.798612250073,-0.0954942747403,0.2,sentence-transformers/all-MiniLM-L6-v2,0.0,,ablation/WikiMIA/WikiMIA_length32/pythia-6.9b/7
7,8f8f0e285c113bd2c5fd2c2b62077382d65eb4e8aa1fe179a18bbad15bdd20f7,1,-48.1550260646,-42.1727771857,-45.2867064372,5.98224887892,2.86831962738,0.2,sentence-transformers/all-MiniLM-L6-v2,0.0,,ablation/WikiMIA/WikiMIA_length32/pythia-6.9b/7
7,5b916b3b7e1af09604d296cf53feb2dd180868df2efc9490c5ea76d8b94dfd74,0,-57.8175492189,-57.8796362705,-54.7132892343,-0.0620870515999,3.10425998458,0.2,sentence-transformers/all-MiniLM-L6-v2,0.0,,ablation/WikiMIA/WikiMIA_length32/pythia-6.9b/7
7,631a0ee66351f74183cc376033e126eba57bd9784bc7bda2c54073e0edeeee05,1,-21.4743127002,-25.9187032888,-26.7438215989,-4.44439058865,-5.26950889867,0.2,sentence-transformers/all-MiniLM-L6-v2,0.0,,ablation/WikiMIA/WikiMIA_length32/pythia-6.9b/7
7,3414ed180cdaaa8b7d258607be592b5e3daf2df01fcd518cf9fd714b5e9eb76c,0,-50.0225657063,-45.3745238735,-43.0823777654,4.64804183284,6.94018794098,0.2,sentence-transformers/all-MiniLM-L6-v2,0.0,,ablation/WikiMIA/WikiMIA_length32/pythia-6.9b/7
7,02454a0a592ac61bf2beb27280e7a7d634325d57e1900f23e7fad2044f79d69a,1,-57.6900148364,-56.216964993,-63.5593823853,1.47304984337,-5.86936754887,0.2,sentence-transformers/all-MiniLM-L6-v2,0.0,,ablation/WikiMIA/WikiMIA_length32/pythia-6.9b/7
7,511f65a8bafb0546c56a526d355fdf45e0015f18bef810bcb7b957b2511154a9,0,-50.5573732853,-48.6844752226,-47.174328271,1.8728980627,3.38304501429,0.2,sentence-transformers/all-MiniLM-L6-v2,0.0,,ablation/WikiMIA/WikiMIA_length32/pythia-6.9b/7
7,210e6c09a1a1ef4b152f3445c84e5bea0b03a4a326c382d82c0324586957655a,1,-47.0742571509,-41.2465561454,-45.9006458061,5.8277010055,1.17361134479,0.2,sentence-transformers/all-MiniLM-L6-v2,0.0,,ablation/WikiMIA/WikiMIA_length32/pythia-6.9b/7
7,086c4c90ef9111307e8f406933128e12d357078a8822e283f3c1c39b6f034bcc,0,-67.4312503351,-66.4259719222,-62.3665395506,1.00527841292,5.06471078458,0.2,sentence-transformers/all-MiniLM-L6-v2,0.0,,ablation/WikiMIA/WikiMIA_length32/pythia-6.9b/7
7,f8ee91b681fd1c4a91662882d45c09922c79c270461cfe1768b9e77cb374571f,1,-52.4932341042,-46.8850289758,-46.8777653695,5.60820512839,5.61546873471,0.2,sentence-transformers/all-MiniLM-L6-v2,0.0,,ablation/WikiMIA/WikiMIA_length32/pythia-6.9b/7
7,65ca65767888a2c16ab317a66abaf2f41eb701a6f53b50ac22e316c36ef63b24,0,-51.5755087842,-55.868513705,-46.7030441407,-4.29300492083,4.8724646435,0.2,sentence-transformers/all-MiniLM-L6-v2,0.0,,ablation/WikiMIA/WikiMIA_length32/pythia-6.9b/7
7,9c07056817458bbc166ca044eea1db18b54ce415a6fb62536b2a241c97103f76,1,-40.7409252626,-37.0622442544,-40.9333370502,3.67868100819,-0.192411787606,0.2,sentence-transformers/all-MiniLM-L6-v2,0.0,,ablation/WikiMIA/WikiMIA_length32/pythia-6.9b/7
7,07dad9e72f4123de32ed7f5a2c7f5ef9af3091e3abb955f34b10d5d90db70d46,0,-59.716659728,-60.8381476071,-59.9067926629,-1.12148787912,-0.190132934956,0.2,sentence-transformers/all-MiniLM-L6-v2,0.0,,ablation/WikiMIA/WikiMIA_length32/pythia-6.9b/7
7,d684ffe7e9be8c61ed478133bf3944df6f447a679ee45d4cf9966b0acee88b76,1,-64.7211450475,-59.9855228221,-65.4929890364,4.73562222536,-0.771843988879,0.2,sentence-transformers/all-MiniLM-L6-v2,0.0,,ablation/WikiMIA/WikiMIA_length32/pythia-6.9b/7
7,c8d75f11a8e9852f5251720c77aeb07ef823a9513ba8295425d5725d99aebf9f,0,-44.1838114894,-43.9421207247,-46.0955216157,0.241690764654,-1.91171012638,0.2,sentence-transformers/all-MiniLM-L6-v2,0.0,,ablation/WikiMIA/WikiMIA_length32/pythia-6.9b/7
7,a6b30f8ead6a8311cc5cc852cc7250d91755b83751f3831cfaae63574ebc5be3,1,-40.5832019051,-38.092815225,-41.8748990687,2.49038668009,-1.29169716362,0.2,sentence-transformers/all-MiniLM-L6-v2,0.0,,ablation/WikiMIA/WikiMIA_length32/pythia-6.9b/7
7,c6cc9d543b526d5d202869de9bc8bb0488c218989bfa49a751508ce7c1b2b3d9,0,-46.9770732611,-42.091146044,-44.991001449,4.88592721703,1.98607181203,0.2,sentence-transformers/all-MiniLM-L6-v2,0.0,,ablation/WikiMIA/WikiMIA_length32/pythia-6.9b/7
7,aaecab39f72f185627884cf3b29a5097761ac5f7c9c6e8d5a9643a2d42925702,1,-28.6582187608,-36.643227916,-46.1190292957,-7.98500915522,-17.4608105349,0.2,sentence-transformers/all-MiniLM-L6-v2,0.0,,ablation/WikiMIA/WikiMIA_length32/pythia-6.9b/7
7,c40af797b425e7f1bcb2d4e278c255876732c9780e7b841d5fa8aca9a2b8055e,0,-46.1735441526,-40.8190139885,-40.6372201267,5.35453016414,5.53632402593,0.2,sentence-transformers/all-MiniLM-L6-v2,0.0,,ablation/WikiMIA/WikiMIA_length32/pythia-6.9b/7
7,81eb4803129896aff5689b3da8febea7688f539b05b438ca0d881d4c3337ce99,1,-61.2407813113,-58.800760213,-57.8258451393,2.44002109828,3.41493617199,0.2,sentence-transformers/all-MiniLM-L6-v2,0.0,,ablation/WikiMIA/WikiMIA_length32/pythia-6.9b/7
7,66162e598206ccf9505ac17231d01b5ce3853c9ec63b43c7bee18cd68fbd130e,0,-54.294342786,-52.7766748749,-52.489087289,1.51766791111,1.80525549698,0.2,sentence-transformers/all-MiniLM-L6-v2,0.0,,ablation/WikiMIA/WikiMIA_length32/pythia-6.9b/7
7,fc0b456275592f3a81aeef403c27614d84ae7d46ff1b9e3e2ca0b1918be23fa6,1,-65.8333569929,-65.0547058717,-71.9489162276,0.778651121163,-6.11555923474,0.2,sentence-transformers/all-MiniLM-L6-v2,0.0,,ablation/WikiMIA/WikiMIA_length32/pythia-6.9b/7
7,888c15e5201ee5f76fa2a113a13f6939a12a60edba0906c3e6df5f656e5b7e13,0,-56.6713954741,-54.507606745,-53.4916486686,2.1637887291,3.17974680549,0.2,sentence-transformers/all-MiniLM-L6-v2,0.0,,ablation/WikiMIA/WikiMIA_length32/pythia-6.9b/7
7,fe6d220521c0a01a8c7dadbae69d089c8d8aff8cab1b83d5593e0be7ee60cc17,1,-41.6509830095,-45.1360942862,-46.7312348321,-3.48511127667,-5.08025182257,0.2,sentence-transformers/all-MiniLM-L6-v2,0.0,,ablation/WikiMIA/WikiMIA_length32/pythia-6.9b/7
7,c9e55cd84c704a536e5ae5b5d2d68a029e54d5bdeaadb752b0cc436b7a1a2930,0,-59.746368158,-62.673940339,-62.3087334323,-2.92757218104,-2.56236527436,0.2,sentence-transformers/all-MiniLM-L6-v2,0.0,,ablation/WikiMIA/WikiMIA_length32/pythia-6.9b/7
7,650242bb6135fede1ee6b44f882b0e2a72bf84f04da83ee7aa20ef2be12c4b28,1,-38.2861763366,-36.3222956483,-41.5525963311,1.96388068837,-3.26641999445,0.2,sentence-transformers/all-MiniLM-L6-v2,0.0,,ablation/WikiMIA/WikiMIA_length32/pythia-6.9b/7
7,da4670066b4053d399af004116f18362c8100126e05b3cc6442d0543cac4045b,0,-54.1837468948,-52.3930751293,-54.4941675646,1.7906717655,-0.310420669834,0.2,sentence-transformers/all-MiniLM-L6-v2,0.0,,ablation/WikiMIA/WikiMIA_length32/pythia-6.9b/7
7,1c1344a9443e2176fd864385b32d9e56d49ccc335a6d06710f203d532858adcd,1,-37.0206092939,-35.9890884105,-42.0523612208,1.0315208833,-5.03175192698,0.2,sentence-transformers/all-MiniLM-L6-v2,0.0,,ablation/WikiMIA/WikiMIA_length32/pythia-6.9b/7
7,5f06cb1e458979660ae31a2b083485a8e349fbfd6d819f633147bfd21f8da96c,0,-51.4177535478,-46.131171627,-49.347169962,5.28658192083,2.0705835858,0.2,sentence-transformers/all-MiniLM-L6-v2,0.0,,ablation/WikiMIA/WikiMIA_length32/pythia-6.9b/7
7,b2acbdd09e64a4f1c83a17e91c6f936432272b02911e3911a6f47cb60f521866,1,-59.5746630743,-57.5105114134,-62.8403845211,2.06415166083,-3.26572144688,0.2,sentence-transformers/all-MiniLM-L6-v2,0.0,,ablation/WikiMIA/WikiMIA_length32/pythia-6.9b/7
7,9a5b4d26efbf53daee60c23bbe55f5377ea35e4073079bc26002bf70c439ec26,0,-45.5266736439,-43.1288181224,-38.785788739,2.39785552151,6.74088490492,0.2,sentence-transformers/all-MiniLM-L6-v2,0.0,,ablation/WikiMIA/WikiMIA_length32/pythia-6.9b/7
7,be6ec6718d062856aafe611e770b717e9139d54675c1640027419a33a59b01ff,1,-37.8269734162,-33.3546532695,-36.7052913605,4.47232014676,1.12168205569,0.2,sentence-transformers/all-MiniLM-L6-v2,0.0,,ablation/WikiMIA/WikiMIA_length32/pythia-6.9b/7
7,0cd63abdb9bb77ae234e3c0554cc1b6a3f595fd96becea298dfe0318dbfdba2e,0,-73.7386911393,-72.9308190557,-69.4821646051,0.807872083588,4.25652653421,0.2,sentence-transformers/all-MiniLM-L6-v2,0.0,,ablation/WikiMIA/WikiMIA_length32/pythia-6.9b/7
7,fcca9b8fcfb5dd127082dd114ccb04d4d2bf03f670197c0dac9b74bc6ad2299b,1,-49.7927248017,-49.6412419617,-50.8716995516,0.151482839974,-1.07897474991,0.2,sentence-transformers/all-MiniLM-L6-v2,0.0,,ablation/WikiMIA/WikiMIA_length32/pythia-6.9b/7
7,7627b0b4093bf68a1dff76c7236a4fa2685a8472c1c1b37a11a07fd5168ad27b,0,-65.8313575219,-62.6358337833,-62.3731060063,3.19552373855,3.45825151554,0.2,sentence-transformers/all-MiniLM-L6-v2,0.0,,ablation/WikiMIA/WikiMIA_length32/pythia-6.9b/7
7,dc83d27b4bb354fe5d9d12b438652e5efbe1b7b8bc028458fd6bd306b4a12d27,1,-54.5459696421,-48.9375581265,-52.4993688102,5.60841151562,2.04660083191,0.2,sentence-transformers/all-MiniLM-L6-v2,0.0,,ablation/WikiMIA/WikiMIA_length32/pythia-6.9b/7
7,24e66d8fc6b235b2a83d59ab7fb5945f5b1dab9195185f80f6a3f75f36a4a0e1,0,-55.5901925075,-57.8532675168,-55.4626003726,-2.26307500929,0.127592134871,0.2,sentence-transformers/all-MiniLM-L6-v2,0.0,,ablation/WikiMIA/WikiMIA_length32/pythia-6.9b/7
7,2df63d1ef14c6c84258e0f9d7d4837f98ce11399db1c12f2f262cf816eb3eeb7,1,-76.6782058191,-75.3773693626,-80.1598497042,1.30083645654,-3.48164388506,0.2,sentence-transformers/all-MiniLM-L6-v2,0.0,,ablation/WikiMIA/WikiMIA_length32/pythia-6.9b/7
7,7cf11d67e650cdebac11117b1d5ee3f0a33a562e9ec1ff4e8f5e1765c20a0bc2,0,-67.0941255421,-59.2111502799,-62.9697760977,7.88297526217,4.12434944438,0.2,sentence-transformers/all-MiniLM-L6-v2,0.0,,ablation/WikiMIA/WikiMIA_length32/pythia-6.9b/7
7,22fc1ed41951d21508c3e1ba827fd31e8fc61c58ef19bfe79e6d9868a0ea8163,1,-47.6319754413,-43.7546881584,-47.5227362013,3.8772872829,0.109239240077,0.2,sentence-transformers/all-MiniLM-L6-v2,0.0,,ablation/WikiMIA/WikiMIA_length32/pythia-6.9b/7
7,7a38bb91bb081c5736d6c39184a12effa7e136358551843a76f31fde555262d3,0,-41.167453645,-42.0064454602,-36.7491194882,-0.838991815266,4.41833415682,0.2,sentence-transformers/all-MiniLM-L6-v2,0.0,,ablation/WikiMIA/WikiMIA_length32/pythia-6.9b/7
7,2f066c27130b440af889dcb33be34df7727cdeb09ff55eb2fcab34c091223eb7,1,-56.3847855417,-54.0991082373,-55.1064558821,2.28567730442,1.27832965966,0.2,sentence-transformers/all-MiniLM-L6-v2,0.0,,ablation/WikiMIA/WikiMIA_length32/pythia-6.9b/7
7,2831b111474b7568ccc47d4e2aa0076329f1b68c0d9ea607f10ae1d50a02d44d,0,-58.3432412487,-57.6759846032,-54.7423704265,0.667256645514,3.60087082221,0.2,sentence-transformers/all-MiniLM-L6-v2,0.0,,ablation/WikiMIA/WikiMIA_length32/pythia-6.9b/7
7,57e0bc54a761a19ebc74791591bf1c5ac5e3f037b90b17bf17690b09c8e89b2f,1,-50.292774621,-49.2459711762,-54.6464243181,1.04680344485,-4.35364969708,0.2,sentence-transformers/all-MiniLM-L6-v2,0.0,,ablation/WikiMIA/WikiMIA_length32/pythia-6.9b/7
7,932fe4eea6c3b3049394f1d82c8f05bb78786dc37c9ea1d9d4f631dcdb1a7c23,0,-49.0957114714,-48.3846879331,-48.7668164582,0.711023538339,0.328895013268,0.2,sentence-transformers/all-MiniLM-L6-v2,0.0,,ablation/WikiMIA/WikiMIA_length32/pythia-6.9b/7
7,d8ede27155c2f608519b3d67baa1c03407e4fc1108ae67d362838e4d33541b1c,1,-50.9382064477,-50.175469257,-52.4738630912,0.762737190693,-1.53565664344,0.2,sentence-transformers/all-MiniLM-L6-v2,0.0,,ablation/WikiMIA/WikiMIA_length32/pythia-6.9b/7
7,fdd90acede9c141e8fb8b148ed7a6fdfa4c8ce2ab6b2e8ecbc06a8fa07ca3875,0,-46.8214720162,-46.7143737229,-45.3479167133,0.107098293311,1.47355530288,0.2,sentence-transformers/all-MiniLM-L6-v2,0.0,,ablation/WikiMIA/WikiMIA_length32/pythia-6.9b/7
7,111bc4cb855414ab7270a048ecd2c7a853b86bb526e360fa8a8b8cbe4fdcf9a8,1,-58.2003169949,-51.5611380923,-57.0449913236,6.63917890266,1.15532567138,0.2,sentence-transformers/all-MiniLM-L6-v2,0.0,,ablation/WikiMIA/WikiMIA_length32/pythia-6.9b/7
7,9f7cbd4e395127e357335a319482d428b3921fdf954bc31dc524515d55e9ee71,0,-49.6147450241,-49.1393093022,-40.276472604,0.47543572186,9.33827242008,0.2,sentence-transformers/all-MiniLM-L6-v2,0.0,,ablation/WikiMIA/WikiMIA_length32/pythia-6.9b/7
7,f2839d6b0550f5a9dbffc4ce4027ee4ccb9778e764e8a8c25e8c5139b0532ff4,1,-54.4377058893,-47.5418688698,-49.6585948502,6.89583701948,4.77911103913,0.2,sentence-transformers/all-MiniLM-L6-v2,0.0,,ablation/WikiMIA/WikiMIA_length32/pythia-6.9b/7
7,1a7f233fef84451a0a22435a0c8b8578142c7cd2f06ed788fb27c43679d30568,0,-49.6630399,-49.639025975,-49.4160596067,0.0240139250447,0.246980293311,0.2,sentence-transformers/all-MiniLM-L6-v2,0.0,,ablation/WikiMIA/WikiMIA_length32/pythia-6.9b/7
7,f628e522c7895c95ba24079ec64de30bdd6ed7a42dfe1d64a7c55c5ad567b10c,1,-61.648127138,-56.6807146781,-64.3766661021,4.96741245997,-2.72853896403,0.2,sentence-transformers/all-MiniLM-L6-v2,0.0,,ablation/WikiMIA/WikiMIA_length32/pythia-6.9b/7
7,7940f665f9531e702791d92b2c8dcae7b4640ffa8e2ea2624c70f90b6b3d4a7f,0,-68.9712108815,-63.3043077802,-60.6279932853,5.66690310127,8.34321759614,0.2,sentence-transformers/all-MiniLM-L6-v2,0.0,,ablation/WikiMIA/WikiMIA_length32/pythia-6.9b/7
7,6170d773a0990667a6e6b913336e55b8071889d498b82eaddf34743f06dcaab2,1,-41.9823133456,-40.1945298554,-43.5875477938,1.78778349016,-1.60523444821,0.2,sentence-transformers/all-MiniLM-L6-v2,0.0,,ablation/WikiMIA/WikiMIA_length32/pythia-6.9b/7
7,7e2e304f1d800880df1e8720a81d23af74cd0bab0414de9c59e26562324bd3a7,0,-62.2358500707,-58.2245718043,-55.9513066774,4.01127826638,6.28454339328,0.2,sentence-transformers/all-MiniLM-L6-v2,0.0,,ablation/WikiMIA/WikiMIA_length32/pythia-6.9b/7
7,692f9f9a19a859dd30ea4057cbe2c4539f2de1d2ba75009ae871612004aaade1,1,-42.7197972963,-42.1312342701,-48.068641898,0.588563026214,-5.3488446016,0.2,sentence-transformers/all-MiniLM-L6-v2,0.0,,ablation/WikiMIA/WikiMIA_length32/pythia-6.9b/7
7,77a7520930c843fbeeeb123264db804b2c1678f86dd05c5516c154e06b4d7215,0,-40.6688893138,-38.7379684049,-48.6749741414,1.93092090888,-8.00608482762,0.2,sentence-transformers/all-MiniLM-L6-v2,0.0,,ablation/WikiMIA/WikiMIA_length32/pythia-6.9b/7
7,fb91b4466511393839f1c52d297d100c94f079814b06f9514d162f27d8dd89b4,1,-33.616052731,-29.7168068252,-35.9738153334,3.8992459058,-2.35776260243,0.2,sentence-transformers/all-MiniLM-L6-v2,0.0,,ablation/WikiMIA/WikiMIA_length32/pythia-6.9b/7
7,284f9fb872ebc7e3e48b07b208af2a1824a971fb87571a63fd091918cd22b60f,0,-56.6851973162,-55.5140994537,-52.7341451216,1.17109786249,3.95105219461,0.2,sentence-transformers/all-MiniLM-L6-v2,0.0,,ablation/WikiMIA/WikiMIA_length32/pythia-6.9b/7
7,c21cbcf02c1b9165900c5324c587be06f62d8bf055549d4e38d1369a07804add,1,-43.4698234698,-37.6450225171,-44.5682440334,5.82480095267,-1.09842056365,0.2,sentence-transformers/all-MiniLM-L6-v2,0.0,,ablation/WikiMIA/WikiMIA_length32/pythia-6.9b/7
7,8b6b96e7ebbdcd1295590dadffe92f38c1de60e7826d54f3e933e56ac9d26683,0,-48.2251741178,-45.26741955,-46.1584439521,2.95775456782,2.06673016573,0.2,sentence-transformers/all-MiniLM-L6-v2,0.0,,ablation/WikiMIA/WikiMIA_length32/pythia-6.9b/7
7,03d6fe8434294afd29cf8ae1f241e1b01e79f933689621425504879e17508efa,1,-58.6385592199,-58.4581043057,-60.4178254524,0.180454914129,-1.77926623252,0.2,sentence-transformers/all-MiniLM-L6-v2,0.0,,ablation/WikiMIA/WikiMIA_length32/pythia-6.9b/7
7,300ff3d30599a14251539483d7e660cd202e3d1bee0508d68c924ff6de4010ad,0,-73.5282288002,-70.3822273554,-69.977692158,3.14600144477,3.55053664225,0.2,sentence-transformers/all-MiniLM-L6-v2,0.0,,ablation/WikiMIA/WikiMIA_length32/pythia-6.9b/7
7,ee59361624896c8f61eb140e05395e4d10acd8610ccc69fc67f0f5c1438edc3f,1,-60.0895910601,-56.881177553,-58.5204173404,3.20841350716,1.56917371975,0.2,sentence-transformers/all-MiniLM-L6-v2,0.0,,ablation/WikiMIA/WikiMIA_length32/pythia-6.9b/7
7,94ebcd56ee549a4ad279cd3dba732eb9b08926b2d41f01582a59134969c91211,0,-53.5732230655,-55.6601827693,-48.8253207391,-2.08695970381,4.74790232635,0.2,sentence-transformers/all-MiniLM-L6-v2,0.0,,ablation/WikiMIA/WikiMIA_length32/pythia-6.9b/7
7,f2f8fbee7c9bb7a789b6cdd51bbcadcf08cb7d7d2e02f6f08fdc237288f11979,1,-70.0094802022,-55.4866025507,-66.3111571718,14.5228776515,3.69832303044,0.2,sentence-transformers/all-MiniLM-L6-v2,0.0,,ablation/WikiMIA/WikiMIA_length32/pythia-6.9b/7
7,bb38da467319026cbc460c193fceb016c8900aa2cdc67c89cf8198b8777f07a6,0,-53.4651111201,-52.4671779273,-49.6251345407,0.997933192749,3.8399765794,0.2,sentence-transformers/all-MiniLM-L6-v2,0.0,,ablation/WikiMIA/WikiMIA_length32/pythia-6.9b/7
7,8750887dbac0c51f389dc38bab70a1fd0e4179d1c5bb9637f093b4e4c4ec41f8,1,-29.327854137,-27.8464215306,-29.9770457741,1.4814326064,-0.64919163714,0.2,sentence-transformers/all-MiniLM-L6-v2,0.0,,ablation/WikiMIA/WikiMIA_length32/pythia-6.9b/7
7,45522b7d33662b86fce9133ba291faeb747090b412532751bdbe509ea92f6aac,0,-60.9483568068,-57.8085826066,-57.1067966581,3.13977420018,3.84156014872,0.2,sentence-transformers/all-MiniLM-L6-v2,0.0,,ablation/WikiMIA/WikiMIA_length32/pythia-6.9b/7
7,34b3d3f4067e7a1265851eceeeb6c93498aa85a9b40d7621023c0eecdc22291e,1,-38.7228147461,-35.8398965688,-39.9765825279,2.8829181773,-1.25376778181,0.2,sentence-transformers/all-MiniLM-L6-v2,0.0,,ablation/WikiMIA/WikiMIA_length32/pythia-6.9b/7
7,8fffca57cb85e70ea405046f95495dd62ce1dc98893a8474640d84a757bc4204,0,-50.5294645373,-43.8672787525,-46.4998782613,6.66218578483,4.02958627598,0.2,sentence-transformers/all-MiniLM-L6-v2,0.0,,ablation/WikiMIA/WikiMIA_length32/pythia-6.9b/7
7,5af21ffa8ad842ff0486f60127fd5eb01399d8511b1002a23e28261cb709674e,1,-61.8065720317,-54.8635970414,-56.6495004624,6.94297499031,5.15707156928,0.2,sentence-transformers/all-MiniLM-L6-v2,0.0,,ablation/WikiMIA/WikiMIA_length32/pythia-6.9b/7
7,7b838a1a5a3861f4ccaeda2a78df525db5b2317d9fd96244e443e1953beee8d5,0,-48.1307059221,-46.0049191107,-46.2788629171,2.1257868114,1.85184300504,0.2,sentence-transformers/all-MiniLM-L6-v2,0.0,,ablation/WikiMIA/WikiMIA_length32/pythia-6.9b/7
7,a94bbf89ece7e02ae100673216c05572661bff0b4b335d5bad63694f4eac25b2,1,-55.614700078,-52.5268665709,-54.7751076485,3.08783350705,0.839592429474,0.2,sentence-transformers/all-MiniLM-L6-v2,0.0,,ablation/WikiMIA/WikiMIA_length32/pythia-6.9b/7
7,d3026b71813f8a9273ac743a9a4bdf6682c7bf02bb6e7f7d22e0f851a89dbada,0,-60.1795017119,-52.6136840171,-53.288859412,7.56581769477,6.89064229988,0.2,sentence-transformers/all-MiniLM-L6-v2,0.0,,ablation/WikiMIA/WikiMIA_length32/pythia-6.9b/7
7,26723cbbd17203815485be57b4e5185bf7f8038e15bccbdec9d2ed291bcba544,1,-48.0223198598,-43.4611903227,-51.2466473124,4.56112953712,-3.22432745262,0.2,sentence-transformers/all-MiniLM-L6-v2,0.0,,ablation/WikiMIA/WikiMIA_length32/pythia-6.9b/7
7,69cdf34501790bef0e07861025bff0e5456a2862cee705e2e6845673dd189a81,0,-40.2496913899,-36.1447600846,-32.1006250145,4.10493130524,8.14906637535,0.2,sentence-transformers/all-MiniLM-L6-v2,0.0,,ablation/WikiMIA/WikiMIA_length32/pythia-6.9b/7
7,364faaaca64ebee4baa30f822c84d2cde8383020f8971d6dcc1d333adc18a3dc,1,-53.5953144148,-52.2766858601,-54.6546571162,1.31862855472,-1.05934270138,0.2,sentence-transformers/all-MiniLM-L6-v2,0.0,,ablation/WikiMIA/WikiMIA_length32/pythia-6.9b/7
7,742d575c246ebd9bad0a099b6d552fe73306a6a6f392b932085505148032ed06,0,-66.669521478,-60.7650130349,-59.4767768691,5.90450844307,7.19274460881,0.2,sentence-transformers/all-MiniLM-L6-v2,0.0,,ablation/WikiMIA/WikiMIA_length32/pythia-6.9b/7
7,48e1ab255cd7e8f7c796518afe06a342fe30b58df17b01fe3c18942aa14a5877,1,-58.2815801692,-56.0183344968,-58.2148283595,2.26324567245,0.0667518097147,0.2,sentence-transformers/all-MiniLM-L6-v2,0.0,,ablation/WikiMIA/WikiMIA_length32/pythia-6.9b/7
7,cff6bae230b6367553a34dcaa379da90104f2775b0209c3c32f614a53ea64847,0,-54.6759716235,-55.2281493891,-50.9256748963,-0.552177765598,3.75029672727,0.2,sentence-transformers/all-MiniLM-L6-v2,0.0,,ablation/WikiMIA/WikiMIA_length32/pythia-6.9b/7
7,8945f126cd93f2cdc99914fab972fe11c617efd89b51fbf9c1ebc18d294d0b76,1,-53.4771102437,-48.950117567,-53.2013854001,4.52699267675,0.275724843572,0.2,sentence-transformers/all-MiniLM-L6-v2,0.0,,ablation/WikiMIA/WikiMIA_length32/pythia-6.9b/7
7,a3bb8c78706918380207dce30e1e7c210092f4944d1b7410c5200c4b034d29fe,0,-62.043996709,-57.3381472504,-55.3245957442,4.70584945854,6.71940096477,0.2,sentence-transformers/all-MiniLM-L6-v2,0.0,,ablation/WikiMIA/WikiMIA_length32/pythia-6.9b/7
7,4cc70d5997b358eb066c66f3634dce0d33517fae93567b8bb9532cb633b455a4,1,-50.7649207633,-47.7222009372,-52.6902824236,3.04271982605,-1.92536166032,0.2,sentence-transformers/all-MiniLM-L6-v2,0.0,,ablation/WikiMIA/WikiMIA_length32/pythia-6.9b/7
7,d587823ab2994672ba9edd0ed52c8a00703be16df9c569f4fbaf5708a157361b,0,-58.2795147225,-54.4355838434,-52.2391911116,3.84393087911,6.04032361097,0.2,sentence-transformers/all-MiniLM-L6-v2,0.0,,ablation/WikiMIA/WikiMIA_length32/pythia-6.9b/7
7,9b9694a815868d9e5211781bd43e048f96a19f3370adaa7848e37910b319d745,1,-59.4577780881,-61.3992863301,-64.3032976958,-1.94150824207,-4.8455196078,0.2,sentence-transformers/all-MiniLM-L6-v2,0.0,,ablation/WikiMIA/WikiMIA_length32/pythia-6.9b/7
7,204889bfa22a3253466725b47c975e97e9d5269e212a9cf5bc403a4961f8dc9f,0,-43.3427192845,-40.4298695291,-39.4160759205,2.91284975542,3.92664336396,0.2,sentence-transformers/all-MiniLM-L6-v2,0.0,,ablation/WikiMIA/WikiMIA_length32/pythia-6.9b/7
7,7364bd3bb4f7845e917667fd5de92afa32d9d491d2dfc5394429a1ead2d7b3c9,1,-33.4922647125,-34.781721745,-37.8948558939,-1.28945703245,-4.40259118141,0.2,sentence-transformers/all-MiniLM-L6-v2,0.0,,ablation/WikiMIA/WikiMIA_length32/pythia-6.9b/7
7,cf5381ba191cf443f8998a40478b3b31cf9809864d75db3ed8661ac1a042f293,0,-51.1925069296,-46.8587835699,-52.2823153036,4.33372335967,-1.08980837404,0.2,sentence-transformers/all-MiniLM-L6-v2,0.0,,ablation/WikiMIA/WikiMIA_length32/pythia-6.9b/7
7,422e7364151a7507bbd3aebd93b8e942a9c5863d72899171306c6449f3d9ea13,1,-65.0784464166,-61.8522421972,-64.4085718723,3.2262042193,0.66987454421,0.2,sentence-transformers/all-MiniLM-L6-v2,0.0,,ablation/WikiMIA/WikiMIA_length32/pythia-6.9b/7
7,e7ec074d12cd37393518712907c4cd21b03a41499e75c78b54c38ed888b06f7d,0,-61.5283350568,-60.6104026524,-63.425203767,0.917932404462,-1.89686871012,0.2,sentence-transformers/all-MiniLM-L6-v2,0.0,,ablation/WikiMIA/WikiMIA_length32/pythia-6.9b/7
7,3910c053034c49c93883299ed85265200c51a3cd7292d06154a9f23a52566794,1,-52.89163243,-50.1969795753,-51.384301189,2.69465285473,1.507331241,0.2,sentence-transformers/all-MiniLM-L6-v2,0.0,,ablation/WikiMIA/WikiMIA_length32/pythia-6.9b/7
7,5a0c5894369478e9375fd66f67cd31adb14a68234bb5cd60c6e2ef3433cbeb1c,0,-46.245753025,-43.3340244432,-43.3465027091,2.91172858186,2.89925031594,0.2,sentence-transformers/all-MiniLM-L6-v2,0.0,,ablation/WikiMIA/WikiMIA_length32/pythia-6.9b/7
7,dbae479b27652525f03a405200eeb007052cf35f1159b58ee0cdc29cd0e7d22d,1,-78.3307813965,-76.4572718308,-78.9843890182,1.87350956573,-0.653607621686,0.2,sentence-transformers/all-MiniLM-L6-v2,0.0,,ablation/WikiMIA/WikiMIA_length32/pythia-6.9b/7
7,3a18c54103b34cb3a84ad26a7d4c19a1efb1f60c0161ede4f2c831024795cf5f,0,-51.455548256,-41.3882177026,-40.5189096979,10.0673305534,10.9366385581,0.2,sentence-transformers/all-MiniLM-L6-v2,0.0,,ablation/WikiMIA/WikiMIA_length32/pythia-6.9b/7
7,8f946cbe326f6044e1e5b12422c8b282e615128c8adcfa5c14a0fed4ce64aa42,1,-37.8640563569,-33.8549889687,-37.0366884328,4.00906738824,0.827367924098,0.2,sentence-transformers/all-MiniLM-L6-v2,0.0,,ablation/WikiMIA/WikiMIA_length32/pythia-6.9b/7
7,3bba03c340e1c891bae0096f714df202f18dd3ec07d7a003edb0782e50ec472b,0,-46.1383716344,-42.8836357786,-43.030607183,3.25473585573,3.10776445139,0.2,sentence-transformers/all-MiniLM-L6-v2,0.0,,ablation/WikiMIA/WikiMIA_length32/pythia-6.9b/7
7,4dcb82a477e5785bb6247d7116844daf33cef9e44ce14621534b0bfa1971a951,1,-47.0759011252,-41.5639867579,-47.2234806739,5.51191436731,-0.147579548694,0.2,sentence-transformers/all-MiniLM-L6-v2,0.0,,ablation/WikiMIA/WikiMIA_length32/pythia-6.9b/7
7,277348d4a9995cf0b51510289b621246b8a531cf01e841a2d011aa77bf492619,0,-49.6886373605,-44.1864841972,-41.1255014259,5.50215316331,8.56313593459,0.2,sentence-transformers/all-MiniLM-L6-v2,0.0,,ablation/WikiMIA/WikiMIA_length32/pythia-6.9b/7
7,e75cfa629c1d44defd82acc5322b0fb5603732bc0eae1f436964ceb397a178b1,1,-60.4388526336,-63.5313846603,-62.2027186033,-3.09253202673,-1.76386596969,0.2,sentence-transformers/all-MiniLM-L6-v2,0.0,,ablation/WikiMIA/WikiMIA_length32/pythia-6.9b/7
7,36eaf6b77ccd9bbe31c31b7138a09890720f0ea3b1a0d7153911195b763671f7,0,-49.5654612062,-48.3650702556,-43.5871197123,1.20039095058,5.97834149386,0.2,sentence-transformers/all-MiniLM-L6-v2,0.0,,ablation/WikiMIA/WikiMIA_length32/pythia-6.9b/7
7,ba15b2587f5c27228a1ffaa5c9971cf11e138e61dda54588e909599d830f5b61,1,-71.3187364836,-70.4814906562,-73.5597116221,0.837245827389,-2.24097513851,0.2,sentence-transformers/all-MiniLM-L6-v2,0.0,,ablation/WikiMIA/WikiMIA_length32/pythia-6.9b/7
7,b31efe171fed72752066e4b4dec3a89267c5b57592948ac4349f335073064baa,0,-67.666823573,-63.1343207135,-59.2580252676,4.53250285947,8.4087983054,0.2,sentence-transformers/all-MiniLM-L6-v2,0.0,,ablation/WikiMIA/WikiMIA_length32/pythia-6.9b/7
7,136418f977167ada1c5c53d1a8a8d4a2c94031057a053b9199dfa4a92c0f1dbd,1,-36.9878777885,-35.3518877701,-38.0639270593,1.63599001837,-1.07604927081,0.2,sentence-transformers/all-MiniLM-L6-v2,0.0,,ablation/WikiMIA/WikiMIA_length32/pythia-6.9b/7
7,556f7381cef6d054c265e7ef8e5a47d3f22431b010e98151c77cb9ca2c1d100e,0,-78.817911694,-70.9348640858,-71.4156444881,7.88304760815,7.40226720589,0.2,sentence-transformers/all-MiniLM-L6-v2,0.0,,ablation/WikiMIA/WikiMIA_length32/pythia-6.9b/7
7,43a39c5015e33cc987f02028502d8c2b771d74530ef091c7902c6a41dcbf3aef,1,-38.5870681106,-33.5033856796,-37.7018332732,5.083682431,0.88523483742,0.2,sentence-transformers/all-MiniLM-L6-v2,0.0,,ablation/WikiMIA/WikiMIA_length32/pythia-6.9b/7
7,9ba89f9995808d88eea8a6f4e5bd09350f663b4e52b5b61c90c08f7685bd6191,0,-44.1338910429,-42.300809902,-37.6399968282,1.83308114085,6.49389421467,0.2,sentence-transformers/all-MiniLM-L6-v2,0.0,,ablation/WikiMIA/WikiMIA_length32/pythia-6.9b/7
7,1b5fe4e6d0810f4500aa540be2247444bdb8fc1a8ad447709824c0cf23b3b267,1,-64.665474911,-61.0813843329,-64.1643908247,3.58409057808,0.501084086279,0.2,sentence-transformers/all-MiniLM-L6-v2,0.0,,ablation/WikiMIA/WikiMIA_length32/pythia-6.9b/7
7,af05a28656e15db8b688c4fa83bb1d8ea1eb3d3d25265dc604da6d8c580d5c7a,0,-40.8600905423,-36.2432921863,-35.7956389351,4.61679835602,5.06445160723,0.2,sentence-transformers/all-MiniLM-L6-v2,0.0,,ablation/WikiMIA/WikiMIA_length32/pythia-6.9b/7
7,a62a3e462b69f9dbddc8f708a782c04400cf91571ece777d3205443ba5478289,1,-73.3947954594,-69.7279402453,-68.4592149346,3.66685521417,4.93558052485,0.2,sentence-transformers/all-MiniLM-L6-v2,0.0,,ablation/WikiMIA/WikiMIA_length32/pythia-6.9b/7
7,3a3d64f04896883118aa186f2131bc6af000931928e8720f3e464de39366aef6,0,-60.8795068577,-57.1250210988,-62.2680540746,3.75448575887,-1.38854721694,0.2,sentence-transformers/all-MiniLM-L6-v2,0.0,,ablation/WikiMIA/WikiMIA_length32/pythia-6.9b/7
7,3c7ceca6b7c3e2edc52f4715c75ca340d590f9ebda37322d597ffe361b30952a,1,-59.5262984956,-56.5449540902,-56.9606314689,2.98134440541,2.56566702669,0.2,sentence-transformers/all-MiniLM-L6-v2,0.0,,ablation/WikiMIA/WikiMIA_length32/pythia-6.9b/7
7,7e5428229840fb7869185982c2eb80841080aaa9c43eecafefb34667cef3e18c,0,-49.8780086829,-48.762872003,-49.8697845991,1.11513667983,0.00822408377024,0.2,sentence-transformers/all-MiniLM-L6-v2,0.0,,ablation/WikiMIA/WikiMIA_length32/pythia-6.9b/7
7,a17fd037480ee5bcefeb4371105451aba60d2a6c69ff3f5fc77a7a015b63ca16,1,-53.0099651383,-44.679237536,-50.9357619416,8.33072760227,2.07420319673,0.2,sentence-transformers/all-MiniLM-L6-v2,0.0,,ablation/WikiMIA/WikiMIA_length32/pythia-6.9b/7
7,f9f064374091bbb731b0b57f8e1540d63dff127b234b35db287d6d77241a4a9a,0,-36.6251550353,-33.6956472789,-31.9415359089,2.9295077564,4.68361912644,0.2,sentence-transformers/all-MiniLM-L6-v2,0.0,,ablation/WikiMIA/WikiMIA_length32/pythia-6.9b/7
7,6a786e4c5b6073807cbcb0a472362124acea088fbea9a696003ec8be163d858c,1,-18.3516349153,-15.7835967085,-21.6715486107,2.56803820683,-3.31991369546,0.2,sentence-transformers/all-MiniLM-L6-v2,0.0,,ablation/WikiMIA/WikiMIA_length32/pythia-6.9b/7
7,debd274d906ef22f47f054b1f6746fd1d3cc523578d1f3db29f87ec131381a00,0,-46.7663449585,-43.0587343678,-44.735429129,3.70761059067,2.03091582952,0.2,sentence-transformers/all-MiniLM-L6-v2,0.0,,ablation/WikiMIA/WikiMIA_length32/pythia-6.9b/7
7,064bbaeed0dd8bcad86d7cc8c80fca3a13bd3d18cdf066dbde91523fa7aebef8,1,-60.6135121752,-53.4345035456,-58.3750010166,7.17900862957,2.23851115856,0.2,sentence-transformers/all-MiniLM-L6-v2,0.0,,ablation/WikiMIA/WikiMIA_length32/pythia-6.9b/7
7,38b2bbab22e88c5991bbc4687bd1c02a4dd0fdcb76b44241957048a53b627835,0,-49.9307437146,-50.910280108,-47.9392985964,-0.979536393413,1.99144511824,0.2,sentence-transformers/all-MiniLM-L6-v2,0.0,,ablation/WikiMIA/WikiMIA_length32/pythia-6.9b/7
7,e439a96571a4c1981e58a7b9af1d496d09a067159026b378af9498808c3638c5,1,-51.1693413125,-43.0568270373,-48.5322649604,8.11251427525,2.63707635216,0.2,sentence-transformers/all-MiniLM-L6-v2,0.0,,ablation/WikiMIA/WikiMIA_length32/pythia-6.9b/7
7,180e1c699bbdabdba117afb13b2788e6efe3f7aa1e15e52fcabee05924dfb220,0,-44.9264869476,-41.7589957057,-41.1459318809,3.16749124188,3.78055506668,0.2,sentence-transformers/all-MiniLM-L6-v2,0.0,,ablation/WikiMIA/WikiMIA_length32/pythia-6.9b/7
7,bbb155f900142c7cf5640767307a29b802ca146f5b8f518daeff0f6168c3cf1d,1,-68.340453876,-66.2764698861,-67.7113704143,2.06398398983,0.629083461695,0.2,sentence-transformers/all-MiniLM-L6-v2,0.0,,ablation/WikiMIA/WikiMIA_length32/pythia-6.9b/7
7,c19c888d2c1726e0315094a7b96a733f380dde63906ccc6427e5e44b461c14a0,0,-35.9890769289,-35.6457562083,-32.7166503734,0.343320720597,3.27242655547,0.2,sentence-transformers/all-MiniLM-L6-v2,0.0,,ablation/WikiMIA/WikiMIA_length32/pythia-6.9b/7
7,2cb520f500e31611b765d7d48c33a0e830f14a9fdfd1f1ebb5093ca71df2a96d,1,-52.1728179203,-51.3517783175,-52.2570859155,0.821039602864,-0.0842679951562,0.2,sentence-transformers/all-MiniLM-L6-v2,0.0,,ablation/WikiMIA/WikiMIA_length32/pythia-6.9b/7
7,38abb260930c79f09bc1f7c818d538e926e35eb736fbba0c8c501fc3b6ab1e96,0,-66.7407107391,-62.0935726201,-59.3112414275,4.64713811894,7.42946931155,0.2,sentence-transformers/all-MiniLM-L6-v2,0.0,,ablation/WikiMIA/WikiMIA_length32/pythia-6.9b/7
7,2f9a4b7bd0d0ae1f44d3a70067a5f2c4589d8d5d1328ebf278188723b09d4073,1,-46.9657580676,-45.1365838107,-50.2667308046,1.82917425692,-3.30097273703,0.2,sentence-transformers/all-MiniLM-L6-v2,0.0,,ablation/WikiMIA/WikiMIA_length32/pythia-6.9b/7
7,7aa87d24212e1613e743a5156cc3a1c0386cb9d28f44f9453eec32771206428e,0,-72.6975090697,-67.8979507334,-67.2451617581,4.79955833628,5.45234731153,0.2,sentence-transformers/all-MiniLM-L6-v2,0.0,,ablation/WikiMIA/WikiMIA_length32/pythia-6.9b/7
7,e5c6863967f05d2fc1f79dd03c3107f10f2eca96befe5f9b726958964413aee0,1,-33.9373567089,-31.8940480803,-37.3528251615,2.04330862859,-3.41546845255,0.2,sentence-transformers/all-MiniLM-L6-v2,0.0,,ablation/WikiMIA/WikiMIA_length32/pythia-6.9b/7
7,95723525ae4d5fbe56d6cf2d42c1dbdeef7e9786eb41ea501620e12c9bfdc6d6,0,-70.0603242679,-63.7921360739,-60.1432903268,6.268188194,9.91703394114,0.2,sentence-transformers/all-MiniLM-L6-v2,0.0,,ablation/WikiMIA/WikiMIA_length32/pythia-6.9b/7
7,7a5c2689cbdf489773bcee28b446eae22865fdcba03d0b9546b99b1c6086a128,1,-76.777604209,-71.0338028535,-76.4013998739,5.74380135541,0.376204335102,0.2,sentence-transformers/all-MiniLM-L6-v2,0.0,,ablation/WikiMIA/WikiMIA_length32/pythia-6.9b/7
7,7003a33ff2c78ca0b221407665739b6eaf7be41923e67350db292e267374780f,0,-46.5045630858,-41.9929378539,-38.1248905817,4.51162523193,8.3796725041,0.2,sentence-transformers/all-MiniLM-L6-v2,0.0,,ablation/WikiMIA/WikiMIA_length32/pythia-6.9b/7
7,f10cac94c37dd0738c17f918f6df5ab13eb1785d1e262733f546ed484acc6fbb,1,-55.0203672629,-58.9396238865,-56.7894614284,-3.91925662363,-1.76909416554,0.2,sentence-transformers/all-MiniLM-L6-v2,0.0,,ablation/WikiMIA/WikiMIA_length32/pythia-6.9b/7
7,72772d04458aa00969850c4e8d340c0804de6483a27d608fc3c45ca62f8c81fd,0,-74.5503571059,-71.8193131868,-71.3284126886,2.73104391907,3.22194441722,0.2,sentence-transformers/all-MiniLM-L6-v2,0.0,,ablation/WikiMIA/WikiMIA_length32/pythia-6.9b/7
7,3ecb01d46f48952bf6caaecd0c78b2968efd4da027aaf932d4b7f50efa3824ac,1,-47.73963979,-44.0660193232,-46.1503076588,3.67362046676,1.58933213116,0.2,sentence-transformers/all-MiniLM-L6-v2,0.0,,ablation/WikiMIA/WikiMIA_length32/pythia-6.9b/7
7,61241da2ae20a673e361d8dd60fa6624ead5be41d552a7c23ff3449e88485adc,0,-48.8873734232,-44.6580524198,-44.9648236173,4.22932100337,3.92254980593,0.2,sentence-transformers/all-MiniLM-L6-v2,0.0,,ablation/WikiMIA/WikiMIA_length32/pythia-6.9b/7
7,0a09c7efe17df7004514b0e3113326eca41d59c39d4de07122c28fd8cc86ec52,1,-53.2169646486,-42.6186582857,-49.7295716322,10.5983063629,3.48739301641,0.2,sentence-transformers/all-MiniLM-L6-v2,0.0,,ablation/WikiMIA/WikiMIA_length32/pythia-6.9b/7
7,fbace60c67801b18c4f50848f656c5ff0be81b2e9d71aae34583a3b9d3937f86,0,-50.8240835127,-48.3306358036,-47.2780853745,2.49344770916,3.54599813826,0.2,sentence-transformers/all-MiniLM-L6-v2,0.0,,ablation/WikiMIA/WikiMIA_length32/pythia-6.9b/7
7,e33b75507f31f182d5bb275087d34f3c892fae549fc08b2ad48df113992c380c,1,-71.0624928254,-68.5903489594,-71.310226362,2.47214386596,-0.247733536576,0.2,sentence-transformers/all-MiniLM-L6-v2,0.0,,ablation/WikiMIA/WikiMIA_length32/pythia-6.9b/7
7,d5113f6caa53e1b2c3a46715ff9d0f134c74b6efe7040666910aecbef522f879,0,-58.6227662926,-56.5619145802,-50.9205861452,2.0608517124,7.7021801474,0.2,sentence-transformers/all-MiniLM-L6-v2,0.0,,ablation/WikiMIA/WikiMIA_length32/pythia-6.9b/7
7,9e668c21c98f2931c610cdb23eab834c87afe69d12d29e5fb4530434974325bc,1,-59.5153182561,-52.4019007392,-58.2881382427,7.11341751686,1.22718001345,0.2,sentence-transformers/all-MiniLM-L6-v2,0.0,,ablation/WikiMIA/WikiMIA_length32/pythia-6.9b/7
7,f86c4c0d817dea474278f7da6345f4ffe1885357be2be4690275801910dcacae,0,-66.9242712705,-63.3387553064,-65.0746381963,3.58551596407,1.84963307418,0.2,sentence-transformers/all-MiniLM-L6-v2,0.0,,ablation/WikiMIA/WikiMIA_length32/pythia-6.9b/7
7,a43ea1550b2e2692da1d000a6a75c35f317d0339047afe4b9cdfac7192f809a7,1,-33.2225999728,-32.4548274598,-44.1642642805,0.767772512977,-10.9416643077,0.2,sentence-transformers/all-MiniLM-L6-v2,0.0,,ablation/WikiMIA/WikiMIA_length32/pythia-6.9b/7
7,14b0b2d37478b3fb610beb4c46bb3151b98f20c03657f2a62aaff331a1602c42,0,-68.8804708877,-65.8634347387,-64.9001248682,3.0170361491,3.98034601958,0.2,sentence-transformers/all-MiniLM-L6-v2,0.0,,ablation/WikiMIA/WikiMIA_length32/pythia-6.9b/7
7,db63d95041b4b256adb1b71dc7f2e7771a49d08578e1f046c10fb7f2d0262d46,1,-33.7741155947,-29.6966413155,-30.4543928341,4.07747427926,3.3197227606,0.2,sentence-transformers/all-MiniLM-L6-v2,0.0,,ablation/WikiMIA/WikiMIA_length32/pythia-6.9b/7
7,eafd10d5581bd9f18bf3eb360fe18d1dc3b18007e357719bb31ae93c1109194e,0,-38.9202867127,-43.6996112621,-43.0547291313,-4.77932454941,-4.13444241861,0.2,sentence-transformers/all-MiniLM-L6-v2,0.0,,ablation/WikiMIA/WikiMIA_length32/pythia-6.9b/7
7,7fda768f80acc0e2c4ff6ed63d06ac3b1bbe903eff50a568ae0de311e7cd8d4a,1,-47.8774775362,-47.4723946383,-48.2997396357,0.405082897832,-0.422262099554,0.2,sentence-transformers/all-MiniLM-L6-v2,0.0,,ablation/WikiMIA/WikiMIA_length32/pythia-6.9b/7
7,19d290544802350a48c70575b1e04cb730ff2bac4d5c9c2a449662fa3c743fce,0,-52.9233356539,-47.807326736,-53.0026128108,5.11600891785,-0.0792771569534,0.2,sentence-transformers/all-MiniLM-L6-v2,0.0,,ablation/WikiMIA/WikiMIA_length32/pythia-6.9b/7
7,63e7151a439c32aeb4f17ba50f6ff4e6a0832fd4f34860e76f299881f334c664,1,-60.6693468225,-61.238740642,-59.2824211553,-0.56939381945,1.38692566728,0.2,sentence-transformers/all-MiniLM-L6-v2,0.0,,ablation/WikiMIA/WikiMIA_length32/pythia-6.9b/7
7,55fb3467773dd24803d2e71e428450bfa72d61385a0f4613602229d2e1e6dfbd,0,-61.4558211668,-62.2714851809,-67.1843416291,-0.815664014171,-5.72852046232,0.2,sentence-transformers/all-MiniLM-L6-v2,0.0,,ablation/WikiMIA/WikiMIA_length32/pythia-6.9b/7
7,786343a7413600f058c7fe0e288c9fbdd90e447a0a1dab3f7fe793c85100fdf6,1,-74.2548945205,-64.8630617428,-78.8979908721,9.39183277766,-4.64309635163,0.2,sentence-transformers/all-MiniLM-L6-v2,0.0,,ablation/WikiMIA/WikiMIA_length32/pythia-6.9b/7
7,49cb8338c3ac9f304f65d05bbd08ac6b205184f98263cb6eab3e5ebd541fe5b6,0,-67.7475035844,-63.6797602698,-61.7376057488,4.06774331463,6.00989783555,0.2,sentence-transformers/all-MiniLM-L6-v2,0.0,,ablation/WikiMIA/WikiMIA_length32/pythia-6.9b/7
7,5dea2f4ba0a0c2599d4fe015cf755e97c953727a68837c327d61bd583ff73789,1,-49.8007928371,-45.1068474523,-52.8801014513,4.69394538484,-3.07930861412,0.2,sentence-transformers/all-MiniLM-L6-v2,0.0,,ablation/WikiMIA/WikiMIA_length32/pythia-6.9b/7
7,9b4eeec1383fe5524f0507cb41fb76f1b06eb637ad24150751cd1562364324da,0,-73.2351033791,-70.1678689052,-84.971607245,3.06723447387,-11.7365038659,0.2,sentence-transformers/all-MiniLM-L6-v2,0.0,,ablation/WikiMIA/WikiMIA_length32/pythia-6.9b/7
7,c512575f0547e5fcb460a717b88f5a38081e80673e8677fda04c38606c0be499,1,-51.711487838,-52.1985189781,-54.6551795376,-0.487031140018,-2.9436916996,0.2,sentence-transformers/all-MiniLM-L6-v2,0.0,,ablation/WikiMIA/WikiMIA_length32/pythia-6.9b/7
7,55db8c2a7d01367ba9c7dd8929978671686e236ad64bfd06b81b7c750a3ee647,0,-64.7040851614,-65.904251273,-62.6272956393,-1.20016611165,2.07678952207,0.2,sentence-transformers/all-MiniLM-L6-v2,0.0,,ablation/WikiMIA/WikiMIA_length32/pythia-6.9b/7
7,3d5e77e20b3f9380708667a144c9d4a30639d94ae3944982a1ffb0362ec82898,1,-51.2596119001,-51.5919631461,-55.0375630642,-0.332351246015,-3.77795116412,0.2,sentence-transformers/all-MiniLM-L6-v2,0.0,,ablation/WikiMIA/WikiMIA_length32/pythia-6.9b/7
7,2a2d005ccca1166098c4d54b5bb2716facc425269410db68df5ef870b17254bf,0,-50.2502739184,-46.2428924357,-39.775660992,4.00738148269,10.4746129264,0.2,sentence-transformers/all-MiniLM-L6-v2,0.0,,ablation/WikiMIA/WikiMIA_length32/pythia-6.9b/7
7,27a17e72113d9a7d11b2854f663ba9507fafdc60caeb1db2e17376475008a394,1,-54.236166987,-49.0028327516,-56.6346858077,5.23333423539,-2.39851882068,0.2,sentence-transformers/all-MiniLM-L6-v2,0.0,,ablation/WikiMIA/WikiMIA_length32/pythia-6.9b/7
7,e8b3527669d75d05d8766c89cc57ed0d6f05a14f7675f26e848cf854f84a361a,0,-43.5904264321,-41.4538546083,-41.1494326781,2.13657182376,2.44099375398,0.2,sentence-transformers/all-MiniLM-L6-v2,0.0,,ablation/WikiMIA/WikiMIA_length32/pythia-6.9b/7
7,aea1a460ad84731552feebc4c71e30ca9989dd5d28d97c4d1558aa00c90d22e2,1,-64.4669321626,-63.7368258283,-61.8818152992,0.730106334333,2.58511686344,0.2,sentence-transformers/all-MiniLM-L6-v2,0.0,,ablation/WikiMIA/WikiMIA_length32/pythia-6.9b/7
7,a76aca73a024e75132cda7215c816df7c7e4023608f15c3faea356e659a49acd,0,-51.7791934573,-47.9747554315,-48.7830784401,3.80443802579,2.9961150172,0.2,sentence-transformers/all-MiniLM-L6-v2,0.0,,ablation/WikiMIA/WikiMIA_length32/pythia-6.9b/7
7,2ba9dc6c444ae1b83c54d24693447711a6687078f936f860c440cacb1176e686,1,-24.8515123655,-23.9212872151,-27.507765283,0.930225150339,-2.65625291753,0.2,sentence-transformers/all-MiniLM-L6-v2,0.0,,ablation/WikiMIA/WikiMIA_length32/pythia-6.9b/7
7,5af413b42f9a3763a5290f7bdd13c65c388e0bb609aa73d0ec45079b96966eed,0,-64.1478878142,-58.3292966058,-59.9441690474,5.81859120837,4.20371876685,0.2,sentence-transformers/all-MiniLM-L6-v2,0.0,,ablation/WikiMIA/WikiMIA_length32/pythia-6.9b/7
7,a2eaf77522d795ffe9c5648d5db32d0f583e10a992a079a931ca4b4f14bce646,1,-56.0065276081,-49.8306912813,-54.0068672458,6.17583632674,1.99966036229,0.2,sentence-transformers/all-MiniLM-L6-v2,0.0,,ablation/WikiMIA/WikiMIA_length32/pythia-6.9b/7
7,08d00b230453523930915f806cf6f68ae74f063097d8002b20f9cd2583e5e0b7,0,-42.7064514489,-43.0594541639,-42.2843282992,-0.353002714986,0.422123149635,0.2,sentence-transformers/all-MiniLM-L6-v2,0.0,,ablation/WikiMIA/WikiMIA_length32/pythia-6.9b/7
7,0ebd7d20d15b0bee94a740686c6f4b198a79d2c6727ebfc90355e3daa8bf8125,1,-52.0587532393,-48.9656638937,-47.5991004984,3.09308934561,4.45965274091,0.2,sentence-transformers/all-MiniLM-L6-v2,0.0,,ablation/WikiMIA/WikiMIA_length32/pythia-6.9b/7
7,49e34103add0fbf2f2909523a345b5b96a2e1e16a720ed526de6915726d4a4f7,0,-36.1410443367,-34.2146059681,-31.9525038575,1.92643836855,4.18854047916,0.2,sentence-transformers/all-MiniLM-L6-v2,0.0,,ablation/WikiMIA/WikiMIA_length32/pythia-6.9b/7
7,a92587685cc554703c4b813c590e911c0d56751d37af1bbd62bfbd2c47357352,1,-45.6459758674,-44.8798491406,-50.6344780567,0.766126726893,-4.9885021893,0.2,sentence-transformers/all-MiniLM-L6-v2,0.0,,ablation/WikiMIA/WikiMIA_length32/pythia-6.9b/7
7,d813bcebb11e6caa43950f2b5a7eb6638105a59a35e16ec4c6b786e0a47f55f9,0,-47.1104831026,-47.0990790879,-43.9060710267,0.0114040147085,3.20441207588,0.2,sentence-transformers/all-MiniLM-L6-v2,0.0,,ablation/WikiMIA/WikiMIA_length32/pythia-6.9b/7
7,702d5719e3e5a08c5fabfac06495f8bac1288ce23757d1f8cd4ae7524c80192f,1,-49.6015663228,-48.4269285384,-49.9891760376,1.17463778447,-0.38760971473,0.2,sentence-transformers/all-MiniLM-L6-v2,0.0,,ablation/WikiMIA/WikiMIA_length32/pythia-6.9b/7
7,2e710f1867cde885dac58e16cf6e77d8188a50cd23669bde8145fa17cff6057d,0,-48.6423476762,-46.5196119061,-46.8569550734,2.12273577011,1.78539260277,0.2,sentence-transformers/all-MiniLM-L6-v2,0.0,,ablation/WikiMIA/WikiMIA_length32/pythia-6.9b/7
7,03b6aa581e1e48d66e7256b8c5b1ffdaffddf300575b36d9c0018fe23095c4a5,1,-73.0025110146,-74.8746640222,-76.2297101475,-1.87215300757,-3.22719913294,0.2,sentence-transformers/all-MiniLM-L6-v2,0.0,,ablation/WikiMIA/WikiMIA_length32/pythia-6.9b/7
7,f81240f7eb018a71c9c762947f857eca20c42ee28b2ac9b5c344ab18690682c8,0,-59.8332596908,-57.6001771171,-58.4425120279,2.23308257366,1.39074766289,0.2,sentence-transformers/all-MiniLM-L6-v2,0.0,,ablation/WikiMIA/WikiMIA_length32/pythia-6.9b/7
7,ec87e38ac1549c1608f23bf12e960117d55c00bdb2187c3aebe012c09dc40bd8,1,-52.9543451718,-46.3006041491,-51.4360501027,6.6537410227,1.51829506906,0.2,sentence-transformers/all-MiniLM-L6-v2,0.0,,ablation/WikiMIA/WikiMIA_length32/pythia-6.9b/7
7,740b0b1fad37e653c6f5f431eea4afbb2c97dc2f7754901bb2a86108447b79b6,0,-47.603674566,-40.7722920441,-38.7608584535,6.83138252186,8.84281611249,0.2,sentence-transformers/all-MiniLM-L6-v2,0.0,,ablation/WikiMIA/WikiMIA_length32/pythia-6.9b/7
7,cfb370e5b0a862323a013260b812123783734b089a2f01db2081922b9424042c,1,-55.5213725696,-51.3382143718,-60.7384893939,4.1831581978,-5.2171168243,0.2,sentence-transformers/all-MiniLM-L6-v2,0.0,,ablation/WikiMIA/WikiMIA_length32/pythia-6.9b/7
7,a702723278f9e756d9bd757500cbbed8b56999c85bdc2ddb9f226d477f1453a6,0,-63.6778313114,-62.1431509311,-62.0938651624,1.53468038031,1.58396614906,0.2,sentence-transformers/all-MiniLM-L6-v2,0.0,,ablation/WikiMIA/WikiMIA_length32/pythia-6.9b/7
7,74d559bdf71464efee90c831773e87b8c974881d145a0f903e5e10a610d9fbe2,1,-65.1994608284,-59.4864729005,-58.2222231752,5.71298792795,6.97723765316,0.2,sentence-transformers/all-MiniLM-L6-v2,0.0,,ablation/WikiMIA/WikiMIA_length32/pythia-6.9b/7
7,be81893cd1a124204aa42c8dbd097da6dab25b652c915a6f9c3038d4a03f2e9f,0,-67.5238007829,-66.2843069728,-65.3243642067,1.23949381015,2.19943657626,0.2,sentence-transformers/all-MiniLM-L6-v2,0.0,,ablation/WikiMIA/WikiMIA_length32/pythia-6.9b/7
7,fea0cf2067f03555dbe16e6062319c4c9c5f322aeb06d6b90dc81772020a7ff6,1,-47.7575423076,-46.2000920384,-45.5677742549,1.55745026916,2.18976805266,0.2,sentence-transformers/all-MiniLM-L6-v2,0.0,,ablation/WikiMIA/WikiMIA_length32/pythia-6.9b/7
7,bb539aa08a2107aa4af255b001f638cfcbbdc598f3818a3f0bea2eae580e116a,0,-64.4339092821,-68.6753693979,-61.4801284317,-4.24146011589,2.95378085035,0.2,sentence-transformers/all-MiniLM-L6-v2,0.0,,ablation/WikiMIA/WikiMIA_length32/pythia-6.9b/7
7,e8291fa3caba182adbdd8620f0940786388457100b2d820d9427451bf67acd4d,1,-78.239368241,-75.2667948336,-77.2607890211,2.9725734074,0.978579219812,0.2,sentence-transformers/all-MiniLM-L6-v2,0.0,,ablation/WikiMIA/WikiMIA_length32/pythia-6.9b/7
7,fe77f8f9b60d7993fdba04b24344362f161bfee01e57e11fa2f1c88795edb97e,0,-59.5224637108,-54.9465773156,-53.5557601405,4.57588639521,5.96670357032,0.2,sentence-transformers/all-MiniLM-L6-v2,0.0,,ablation/WikiMIA/WikiMIA_length32/pythia-6.9b/7
7,2a83dc0c50992db6070991de35b92fb48ec503bcff01f38b1b2e5ed8205aee4a,1,-50.19710288,-44.2267314424,-46.9488394997,5.97037143763,3.24826338028,0.2,sentence-transformers/all-MiniLM-L6-v2,0.0,,ablation/WikiMIA/WikiMIA_length32/pythia-6.9b/7
7,faf49763064ef6f0cf74a8dd4ff00657396ec66b42b5bef5e9d07fbc2904a2e6,0,-41.9731415517,-49.3832817929,-44.0322822241,-7.41014024123,-2.05914067243,0.2,sentence-transformers/all-MiniLM-L6-v2,0.0,,ablation/WikiMIA/WikiMIA_length32/pythia-6.9b/7
7,e053a357d6ba6deea27d3b1a3b6d6d3cffc372baa54b1193a559f5bf2f0395f4,1,-42.2413182928,-37.8781079566,-39.6633859529,4.3632103362,2.57793233984,0.2,sentence-transformers/all-MiniLM-L6-v2,0.0,,ablation/WikiMIA/WikiMIA_length32/pythia-6.9b/7
7,3c46464340feb69776d8112804f63e29c2ca9ae6311527cdadc198159010a77f,0,-67.364358523,-63.0436408613,-73.4822538467,4.32071766169,-6.11789532376,0.2,sentence-transformers/all-MiniLM-L6-v2,0.0,,ablation/WikiMIA/WikiMIA_length32/pythia-6.9b/7
7,f11e769f5bcee8579389e1233fd3ee04b128b3527b8488ff5939b9da52ffef67,1,-39.8254674228,-32.9852925854,-40.4284158013,6.84017483745,-0.602948378417,0.2,sentence-transformers/all-MiniLM-L6-v2,0.0,,ablation/WikiMIA/WikiMIA_length32/pythia-6.9b/7
7,1b77da5623f3ecdbeb195149040a2c259e85e6e2cfb48b9136aab9a31962d1f3,0,-46.3656979459,-44.3528708722,-47.3235239998,2.01282707365,-0.957826053941,0.2,sentence-transformers/all-MiniLM-L6-v2,0.0,,ablation/WikiMIA/WikiMIA_length32/pythia-6.9b/7
7,21cc0cc79b1f03b752e7a9dfc0d0f293c42b1c5fc760ea5e0b08568cec415545,1,-46.4016815863,-40.7922447782,-44.1886431443,5.60943680809,2.21303844193,0.2,sentence-transformers/all-MiniLM-L6-v2,0.0,,ablation/WikiMIA/WikiMIA_length32/pythia-6.9b/7
7,033bc33a660aeb0892cec8bc3cd61917657281822e0fe4d9cb0475edc511aee4,0,-68.687109497,-68.3226243816,-48.3319477655,0.364485115487,20.3551617315,0.2,sentence-transformers/all-MiniLM-L6-v2,0.0,,ablation/WikiMIA/WikiMIA_length32/pythia-6.9b/7
7,deda606ec4921b54b06091a4bc1d17dd61300d7827023e9c41f0991f3d52616a,1,-59.054668811,-52.2764238739,-56.5434385181,6.77824493708,2.51123029292,0.2,sentence-transformers/all-MiniLM-L6-v2,0.0,,ablation/WikiMIA/WikiMIA_length32/pythia-6.9b/7
7,9c8f60533ae623b29d67c77ac0a46a2f592801e4cbfac1835e269898ef0cb19c,0,-55.5247170342,-52.852237071,-49.9698426845,2.6724799632,5.55487434968,0.2,sentence-transformers/all-MiniLM-L6-v2,0.0,,ablation/WikiMIA/WikiMIA_length32/pythia-6.9b/7
7,8234ddffdf525813a952cf48844ad847eb2f77b6218411ba87ca3e43aa6f7315,1,-45.3193885083,-40.9092919306,-43.3994189925,4.41009657772,1.91996951578,0.2,sentence-transformers/all-MiniLM-L6-v2,0.0,,ablation/WikiMIA/WikiMIA_length32/pythia-6.9b/7
7,ea29c9a1c9545b1c8dce728c88e6cdb1f87281ce0ff3a2a3fa2bae0c09aae102,0,-54.9726120881,-54.5034536369,-50.1724315253,0.469158451287,4.80018056285,0.2,sentence-transformers/all-MiniLM-L6-v2,0.0,,ablation/WikiMIA/WikiMIA_length32/pythia-6.9b/7
7,30dd2c3e6bab9ccea1f0e4c3c64e3df360bb98c37cf65ab39f114ed7364920f8,1,-44.3503174431,-42.3905436052,-46.114090437,1.95977383784,-1.76377299391,0.2,sentence-transformers/all-MiniLM-L6-v2,0.0,,ablation/WikiMIA/WikiMIA_length32/pythia-6.9b/7
7,246eaddaa64b611aacb5d2eba1e11bcc2813974e1e5f97a6f3c8062c4c64557a,0,-51.478893428,-53.8127476841,-46.7562411318,-2.33385425614,4.72265229616,0.2,sentence-transformers/all-MiniLM-L6-v2,0.0,,ablation/WikiMIA/WikiMIA_length32/pythia-6.9b/7
7,49845641c7aae228757cfaac267c5c9c295475fef8014eb4d5c4f96669f97092,1,-56.4729464627,-55.8555770611,-54.4855396556,0.617369401589,1.98740680704,0.2,sentence-transformers/all-MiniLM-L6-v2,0.0,,ablation/WikiMIA/WikiMIA_length32/pythia-6.9b/7
7,19391a88f598a0b2eaabec9fd1175799799b06f2b5bf80f43ff7c12103746b6b,0,-53.7401305513,-46.6499207536,-59.541591656,7.09020979768,-5.80146110471,0.2,sentence-transformers/all-MiniLM-L6-v2,0.0,,ablation/WikiMIA/WikiMIA_length32/pythia-6.9b/7
7,41b5d8c0da7371eaca2a6a56f3c11cd4000294f874170e66429ae561a68db1e8,1,-54.7541686045,-48.8375428398,-53.6197048493,5.91662576469,1.13446375512,0.2,sentence-transformers/all-MiniLM-L6-v2,0.0,,ablation/WikiMIA/WikiMIA_length32/pythia-6.9b/7
7,f5cf7895b09340cfc553bc54bbf16faf34dd3a25750f6343c6b62bb0fef775cd,0,-50.7703175966,-45.5420275041,-46.279705739,5.22829009254,4.49061185764,0.2,sentence-transformers/all-MiniLM-L6-v2,0.0,,ablation/WikiMIA/WikiMIA_length32/pythia-6.9b/7
7,117b9b61b363104e45f80c801f4cd0f367a502cdcf9d096e7bce95838619f777,1,-49.1414218569,-52.9567451653,-52.9082532297,-3.81532330844,-3.7668313728,0.2,sentence-transformers/all-MiniLM-L6-v2,0.0,,ablation/WikiMIA/WikiMIA_length32/pythia-6.9b/7
7,f04092b671a363888cadab3783e4f7416a178a0f491b7ad4143a1fcea4c65d78,0,-63.0285966762,-62.1273844438,-61.5356476615,0.901212232385,1.49294901469,0.2,sentence-transformers/all-MiniLM-L6-v2,0.0,,ablation/WikiMIA/WikiMIA_length32/pythia-6.9b/7
7,6a45cdc4ac417ce1e42fdcfc611a153295f79ab58f4db12b8642b1c386e99e39,1,-52.444733392,-44.0750970048,-50.9744510622,8.36963638717,1.47028232974,0.2,sentence-transformers/all-MiniLM-L6-v2,0.0,,ablation/WikiMIA/WikiMIA_length32/pythia-6.9b/7
7,b29ec93d6e86dc36e6fd04823541ff4a21b740c52c6e0079c07428071b5e75c4,0,-65.5625298598,-60.9750258591,-61.739606686,4.58750400077,3.8229231738,0.2,sentence-transformers/all-MiniLM-L6-v2,0.0,,ablation/WikiMIA/WikiMIA_length32/pythia-6.9b/7
7,fd2bd6710d1a476e2b83fba43dc8bb079111a29cefa247a8ccad979a07a2e23e,1,-65.4113148212,-57.7183000298,-60.3183831371,7.69301479136,5.09293168415,0.2,sentence-transformers/all-MiniLM-L6-v2,0.0,,ablation/WikiMIA/WikiMIA_length32/pythia-6.9b/7
7,3c0c12470ad0879282bc9049ecf99d30500740429745b356c5894ef769c53ec7,0,-38.3796167694,-33.68266516,-36.1861339114,4.69695160936,2.19348285804,0.2,sentence-transformers/all-MiniLM-L6-v2,0.0,,ablation/WikiMIA/WikiMIA_length32/pythia-6.9b/7
7,4bfab3151ed637b4a7edcf3b298c4c624596a2ab5bf28a249582e0605ce6d527,1,-65.5394785412,-63.9890866836,-67.2204487079,1.55039185759,-1.68097016673,0.2,sentence-transformers/all-MiniLM-L6-v2,0.0,,ablation/WikiMIA/WikiMIA_length32/pythia-6.9b/7
7,df26ba86efaa55272efe7780e771392d5a60411b172aa137c6f88aa0dda71c7b,0,-39.846338947,-39.4510237925,-36.5238673903,0.39531515458,3.32247155676,0.2,sentence-transformers/all-MiniLM-L6-v2,0.0,,ablation/WikiMIA/WikiMIA_length32/pythia-6.9b/7
7,26b5839a8f364a2c58e2ad17ae1280cc2349d9e7dd18901ac87d80da1176aa1f,1,-40.4511139373,-32.9348692758,-36.6221505633,7.51624466146,3.82896337402,0.2,sentence-transformers/all-MiniLM-L6-v2,0.0,,ablation/WikiMIA/WikiMIA_length32/pythia-6.9b/7
7,03e811be669a5f19b6c5585ce6157bf8220fa7dd269ec91642fb606f08d69e1e,0,-47.606904381,-43.2194265023,-42.2255146832,4.38747787873,5.38138969786,0.2,sentence-transformers/all-MiniLM-L6-v2,0.0,,ablation/WikiMIA/WikiMIA_length32/pythia-6.9b/7
7,58df4913fb27d39c68ad3abb671b4b24a5ec7da463aeec43a3a659960b5b6b73,1,-56.135230254,-57.4579619391,-57.3172135216,-1.32273168517,-1.18198326763,0.2,sentence-transformers/all-MiniLM-L6-v2,0.0,,ablation/WikiMIA/WikiMIA_length32/pythia-6.9b/7
7,0140e0dc24781d54b08c20d4c7a721d1b9ef5027420159563dc9bf953b74253f,0,-57.339169045,-52.9074925406,-51.4375993432,4.43167650434,5.90156970178,0.2,sentence-transformers/all-MiniLM-L6-v2,0.0,,ablation/WikiMIA/WikiMIA_length32/pythia-6.9b/7
7,3d1ea39e38c8902d7bba4c6e17483914770ac5ccdede9669ded93176f403cef1,1,-47.2792242699,-49.8614789093,-50.3014764505,-2.58225463937,-3.02225218064,0.2,sentence-transformers/all-MiniLM-L6-v2,0.0,,ablation/WikiMIA/WikiMIA_length32/pythia-6.9b/7
7,77a4df2594025db96ddbe8f3f5513f2c0f7822ffb78a6b35c6b5cde247a64600,0,-56.7571275075,-55.9941813013,-55.4305589104,0.76294620619,1.32656859709,0.2,sentence-transformers/all-MiniLM-L6-v2,0.0,,ablation/WikiMIA/WikiMIA_length32/pythia-6.9b/7
7,aa42f20fe72a1e94c98cc389b960aefda9c7d2a20dcff62244a95988438494bc,1,-31.3264810109,-30.124013744,-33.8839859994,1.20246726693,-2.55750498847,0.2,sentence-transformers/all-MiniLM-L6-v2,0.0,,ablation/WikiMIA/WikiMIA_length32/pythia-6.9b/7
7,5d84ac9d5a69bf3dcb12dacf85e8c59ef9e0a3fb20f5eab0b45d3eb577e2dad5,0,-33.9191537688,-40.1155051138,-42.0466506846,-6.19635134496,-8.12749691582,0.2,sentence-transformers/all-MiniLM-L6-v2,0.0,,ablation/WikiMIA/WikiMIA_length32/pythia-6.9b/7
7,03cc6d25e8a78dd0acd306af681de96447a4ce54b60916b43ed403858bea8a3c,1,-55.577617263,-56.0072401006,-57.4790998081,-0.429622837558,-1.90148254504,0.2,sentence-transformers/all-MiniLM-L6-v2,0.0,,ablation/WikiMIA/WikiMIA_length32/pythia-6.9b/7
7,0bde00b999a5e1d27301de89172e2f1ef4cdc1dc45653847d1d70bc87073e698,0,-61.0338457532,-56.6859186393,-56.9573009882,4.34792711391,4.07654476503,0.2,sentence-transformers/all-MiniLM-L6-v2,0.0,,ablation/WikiMIA/WikiMIA_length32/pythia-6.9b/7
7,b83b33cb9cab3e1dbcf3bb58ffb5c941dc4447fc820dd659347b6d3761a64af7,1,-49.4880796673,-49.842977509,-50.0121855174,-0.354897841642,-0.524105850111,0.2,sentence-transformers/all-MiniLM-L6-v2,0.0,,ablation/WikiMIA/WikiMIA_length32/pythia-6.9b/7
7,d83b07d2e79e91b27e4e06d790e0219ecfa2546a19b6e8426eb0f3f3161bdf69,0,-70.5142773011,-69.3125074678,-69.7101674139,1.20176983327,0.804109887209,0.2,sentence-transformers/all-MiniLM-L6-v2,0.0,,ablation/WikiMIA/WikiMIA_length32/pythia-6.9b/7
7,4cb433ef7f5558d4d83bd0b73496219119490952ea4f836898cf579817e78b1e,1,-49.9480251436,-49.4319892061,-53.4729101174,0.51603593744,-3.52488497382,0.2,sentence-transformers/all-MiniLM-L6-v2,0.0,,ablation/WikiMIA/WikiMIA_length32/pythia-6.9b/7
7,bc1e84dbbc76f5f58422e9a123c303ac5750b30c235681ed224a14a2b5bc87a0,0,-34.0115848837,-33.799971141,-31.9496907729,0.211613742731,2.06189411085,0.2,sentence-transformers/all-MiniLM-L6-v2,0.0,,ablation/WikiMIA/WikiMIA_length32/pythia-6.9b/7
7,a5362f5afb2e79b336b31c1431b2b1de6ee3291a6f7e07f8dc85f28d4a09ad91,1,-66.6922680872,-68.6356586443,-71.000143168,-1.94339055707,-4.30787508079,0.2,sentence-transformers/all-MiniLM-L6-v2,0.0,,ablation/WikiMIA/WikiMIA_length32/pythia-6.9b/7
7,278f8e1e6500d18f5d1d2fdd1b2aff0ee082c2579ec675207130298200edb6de,0,-27.8116392078,-22.5588802333,-20.8339593186,5.25275897449,6.97767988923,0.2,sentence-transformers/all-MiniLM-L6-v2,0.0,,ablation/WikiMIA/WikiMIA_length32/pythia-6.9b/7
7,3a8278d695e3c19879f8d8cf7e7ffe30e5b5ca1550d9783d95d9564a154360de,1,-39.9701572706,-36.4099301013,-40.6915310997,3.56022716934,-0.721373829117,0.2,sentence-transformers/all-MiniLM-L6-v2,0.0,,ablation/WikiMIA/WikiMIA_length32/pythia-6.9b/7
7,958346a403d601b388ddb8954518a79c3a9292fa0eafd030a4c620ade6a65d87,0,-55.528214533,-49.7098934764,-47.0651140771,5.81832105659,8.46310045581,0.2,sentence-transformers/all-MiniLM-L6-v2,0.0,,ablation/WikiMIA/WikiMIA_length32/pythia-6.9b/7
7,f1be76efbf7cbbc32fdd9729921250457b2df81174aadcdde4c92ec06c6a87da,1,-38.2524471496,-36.5901198669,-38.3517497796,1.66232728268,-0.099302629989,0.2,sentence-transformers/all-MiniLM-L6-v2,0.0,,ablation/WikiMIA/WikiMIA_length32/pythia-6.9b/7
7,dadb8ea9cdb9b8e79cd92b12c46daeb953ff90101329b5cb811254ed458163ab,0,-42.2931109197,-34.6767333692,-37.2427912168,7.61637755046,5.05031970283,0.2,sentence-transformers/all-MiniLM-L6-v2,0.0,,ablation/WikiMIA/WikiMIA_length32/pythia-6.9b/7
7,d64f8147bcda04835ca9b0d23962166cbc7f60c286f420c4462e06abd0600d4f,1,-50.7497609516,-45.2204444428,-51.3406398765,5.52931650886,-0.59087892492,0.2,sentence-transformers/all-MiniLM-L6-v2,0.0,,ablation/WikiMIA/WikiMIA_length32/pythia-6.9b/7
7,d5ee53427745430d8b3d4e2f0a714927ec5095ce543dc0f8c4ee84c693f9ea77,0,-56.9220035175,-53.528285483,-53.9784492684,3.39371803447,2.94355424913,0.2,sentence-transformers/all-MiniLM-L6-v2,0.0,,ablation/WikiMIA/WikiMIA_length32/pythia-6.9b/7
7,a96ecc6faaef301f3f22345d80ce35d4f86985c06df4c822c80d4a73185f7e46,1,-53.4314924624,-51.6126277464,-51.1458619839,1.81886471599,2.28563047845,0.2,sentence-transformers/all-MiniLM-L6-v2,0.0,,ablation/WikiMIA/WikiMIA_length32/pythia-6.9b/7
7,df12b69501335c66190d782a5181086b62ccac48190142ff897a7b0fa1ccae9a,0,-52.2313835478,-53.6052697362,-55.6058972773,-1.37388618844,-3.37451372953,0.2,sentence-transformers/all-MiniLM-L6-v2,0.0,,ablation/WikiMIA/WikiMIA_length32/pythia-6.9b/7
7,38ccfa17371775d2d787f93895783c165622b255f1840e93a66a94f913f4cc07,1,-48.3485290098,-41.4277625146,-46.6696981111,6.92076649515,1.67883089863,0.2,sentence-transformers/all-MiniLM-L6-v2,0.0,,ablation/WikiMIA/WikiMIA_length32/pythia-6.9b/7
7,95f94bb4202b1df7a9f599b0f96c7d0f280708f6443b7c3360f975b874b9f3ab,0,-56.5287850013,-50.7657463689,-48.4538859023,5.76303863239,8.07489909895,0.2,sentence-transformers/all-MiniLM-L6-v2,0.0,,ablation/WikiMIA/WikiMIA_length32/pythia-6.9b/7
7,760f5ef6ba73cd5038640c99db762d999fec8901b5a74ef62aed1f7d36858443,1,-61.8632656373,-60.95025638,-62.2660830014,0.91300925735,-0.402817364082,0.2,sentence-transformers/all-MiniLM-L6-v2,0.0,,ablation/WikiMIA/WikiMIA_length32/pythia-6.9b/7
7,9fea237703424b784a9640b97a6d4e01f91317e41cb720ae0ee74b085707b420,0,-39.6294017618,-40.3265616024,-41.3014332713,-0.697159840574,-1.67203150948,0.2,sentence-transformers/all-MiniLM-L6-v2,0.0,,ablation/WikiMIA/WikiMIA_length32/pythia-6.9b/7
7,0c054003abc187ce1089b079a7a98a2d84334633b9dd0ec48f93e97ff29ec731,1,-50.3388713067,-45.9675775115,-46.8134690513,4.37129379519,3.52540225548,0.2,sentence-transformers/all-MiniLM-L6-v2,0.0,,ablation/WikiMIA/WikiMIA_length32/pythia-6.9b/7
7,f5f1032a410fd353aef962ffde27765dda941000a88944e9ec29184c4972b83b,0,-46.087669466,-36.7738843,-39.1387469131,9.31378516604,6.94892255289,0.2,sentence-transformers/all-MiniLM-L6-v2,0.0,,ablation/WikiMIA/WikiMIA_length32/pythia-6.9b/7
7,07511f4ea2e8b97d8204d207124cef81f1090ae0a18da3aee97ad355a50eab26,1,-32.9252289145,-31.0861732268,-31.9851540146,1.8390556877,0.940074899938,0.2,sentence-transformers/all-MiniLM-L6-v2,0.0,,ablation/WikiMIA/WikiMIA_length32/pythia-6.9b/7
7,f0c4d4e052c7f513e216589cb0540a801f3b3dda968d0d5b16ae964e34065498,0,-56.6428472309,-57.1976113505,-52.0150609944,-0.554764119616,4.62778623646,0.2,sentence-transformers/all-MiniLM-L6-v2,0.0,,ablation/WikiMIA/WikiMIA_length32/pythia-6.9b/7
7,18f15cb236b3e4637a51e35f40945362f075c2d86c1a1c97b1620b490ac01a43,1,-32.9730608552,-27.6780427708,-36.0177812753,5.29501808443,-3.04472042011,0.2,sentence-transformers/all-MiniLM-L6-v2,0.0,,ablation/WikiMIA/WikiMIA_length32/pythia-6.9b/7
7,1e0b160215bb0332f374c360cdcc6520f39c40e50250b342d7b7bcf43016720c,0,-46.8314531782,-41.3095625844,-42.8516823503,5.52189059381,3.97977082789,0.2,sentence-transformers/all-MiniLM-L6-v2,0.0,,ablation/WikiMIA/WikiMIA_length32/pythia-6.9b/7
7,59c4303e5d05973638b4eab05e49c050105052da947d26841323a2eb5c959190,1,-50.0395997903,-47.8718463543,-57.6300995689,2.16775343601,-7.59049977862,0.2,sentence-transformers/all-MiniLM-L6-v2,0.0,,ablation/WikiMIA/WikiMIA_length32/pythia-6.9b/7
7,ea6439ad0e582527e20823df9606e9fbfe27515140c5715551e90c64deb09f35,0,-51.5600862749,-52.6125587283,-54.6615176848,-1.05247245338,-3.10143140997,0.2,sentence-transformers/all-MiniLM-L6-v2,0.0,,ablation/WikiMIA/WikiMIA_length32/pythia-6.9b/7
7,8ea3d32748f6e0127e8a9a0f9305a0bedb64771ac4216fb18a00082f5defc50c,1,-45.4241245069,-39.3197387588,-46.7589629381,6.10438574808,-1.33483843125,0.2,sentence-transformers/all-MiniLM-L6-v2,0.0,,ablation/WikiMIA/WikiMIA_length32/pythia-6.9b/7
7,b439fcd1cb59d20c316be9bd03c6667b08629fa2430d0188a588bb1ef128c7aa,0,-62.201469139,-59.5527436856,-60.5204083351,2.64872545344,1.68106080386,0.2,sentence-transformers/all-MiniLM-L6-v2,0.0,,ablation/WikiMIA/WikiMIA_length32/pythia-6.9b/7
7,79953670e8b7e0c577fda3dfeaa9f5276cff59af259c857737918d0b47c582ea,1,-49.7172058486,-45.4397107263,-50.6634368376,4.27749512237,-0.946230988949,0.2,sentence-transformers/all-MiniLM-L6-v2,0.0,,ablation/WikiMIA/WikiMIA_length32/pythia-6.9b/7
7,a377699ae0dd5da15cb2141015f07d691bb7477ca62d9f0a32b8ba31168d3338,0,-66.4734002582,-60.7761484992,-61.0919384951,5.69725175903,5.3814617631,0.2,sentence-transformers/all-MiniLM-L6-v2,0.0,,ablation/WikiMIA/WikiMIA_length32/pythia-6.9b/7
7,d95c798046b347f564597f82abc719decfc47c9dadff604a50dfce11a258d3ab,1,-47.3028052241,-47.7505092951,-46.3863119436,-0.447704071025,0.91649328053,0.2,sentence-transformers/all-MiniLM-L6-v2,0.0,,ablation/WikiMIA/WikiMIA_length32/pythia-6.9b/7
7,81cb0657b45716d71b3ad02329df603c25febcf6b77b15a3c00b5c2c08dee25f,0,-38.621572709,-37.3971759426,-35.2965112703,1.22439676642,3.32506143873,0.2,sentence-transformers/all-MiniLM-L6-v2,0.0,,ablation/WikiMIA/WikiMIA_length32/pythia-6.9b/7
7,c662c3d670cc2b69bf020ada4e7565dc505220b8334561a4e55b268d17d6b08f,1,-69.4779940836,-64.399774092,-66.3494203451,5.0782199916,3.12857373845,0.2,sentence-transformers/all-MiniLM-L6-v2,0.0,,ablation/WikiMIA/WikiMIA_length32/pythia-6.9b/7
7,df6b91303d5b519258ee857722f253ab12e770f39774437cacebff7eacacaaf7,0,-50.1751167285,-48.1954403361,-47.3750267093,1.97967639243,2.80009001916,0.2,sentence-transformers/all-MiniLM-L6-v2,0.0,,ablation/WikiMIA/WikiMIA_length32/pythia-6.9b/7
7,89c8532bdc6fdcf228c8c2639586271b738488405cd07452a531f7bd687de49c,1,-48.8691210189,-42.3490694945,-47.7244905067,6.52005152436,1.14463051215,0.2,sentence-transformers/all-MiniLM-L6-v2,0.0,,ablation/WikiMIA/WikiMIA_length32/pythia-6.9b/7
7,a2c40976bd73e245d333cb887ed3e7a122e4af9905f328b932f0d14dcd6c0597,0,-45.8139624227,-43.9321393797,-45.8905347083,1.88182304295,-0.0765722856592,0.2,sentence-transformers/all-MiniLM-L6-v2,0.0,,ablation/WikiMIA/WikiMIA_length32/pythia-6.9b/7
7,75fa7d2a99e9646a8b4ed4a5456e13158fa7527f6503f4225e2a78c235752d64,1,-39.2614688209,-33.8535921161,-37.2836107913,5.4078767048,1.97785802969,0.2,sentence-transformers/all-MiniLM-L6-v2,0.0,,ablation/WikiMIA/WikiMIA_length32/pythia-6.9b/7
7,b96da1e22d2f96d6a5350f108c5a7e7a631a61d01e7fc2ec4f920a15e85c04b7,0,-57.890122732,-57.3878572635,-56.9145024767,0.502265468448,0.975620255272,0.2,sentence-transformers/all-MiniLM-L6-v2,0.0,,ablation/WikiMIA/WikiMIA_length32/pythia-6.9b/7
7,0bb043e8196c23e941ceb4b569b4d973028bf7bf14df3f1766f440119e51c8d4,1,-55.4383902475,-55.9685331243,-56.8909411154,-0.530142876803,-1.45255086785,0.2,sentence-transformers/all-MiniLM-L6-v2,0.0,,ablation/WikiMIA/WikiMIA_length32/pythia-6.9b/7
7,f5e9d272c62f354e4d87070bd459eb9d9208718c9d4789d7e2c37206647543d8,0,-58.4459490835,-54.6198351927,-55.4198325589,3.82611389083,3.02611652462,0.2,sentence-transformers/all-MiniLM-L6-v2,0.0,,ablation/WikiMIA/WikiMIA_length32/pythia-6.9b/7
7,7639f45045bf475f5d489d8556c21b1412719f5429e816d42fc920048ad3be05,1,-45.6330628837,-36.2371666696,-39.4443131547,9.39589621407,6.18874972896,0.2,sentence-transformers/all-MiniLM-L6-v2,0.0,,ablation/WikiMIA/WikiMIA_length32/pythia-6.9b/7
7,c7db42dbeb44c31e6e0bcd5ecd8deed37726a77aa10455792f5e4b6a1c8b6355,0,-49.3917757458,-47.6443082477,-50.4188352146,1.7474674981,-1.02705946874,0.2,sentence-transformers/all-MiniLM-L6-v2,0.0,,ablation/WikiMIA/WikiMIA_length32/pythia-6.9b/7
7,618d47cf18f6c4e72d3498f02d477600668da91656d6fcfadc7d2a94af5cdb10,1,-27.4698218092,-25.6149872646,-27.0670344398,1.85483454457,0.402787369346,0.2,sentence-transformers/all-MiniLM-L6-v2,0.0,,ablation/WikiMIA/WikiMIA_length32/pythia-6.9b/7
7,141b0149d8093e1621fdfac60381806cfcf35ecd812de43ee6c9e6f661bbe6b0,0,-54.8581469129,-56.1858758867,-54.4490252547,-1.32772897389,0.409121658177,0.2,sentence-transformers/all-MiniLM-L6-v2,0.0,,ablation/WikiMIA/WikiMIA_length32/pythia-6.9b/7
7,c4654a35fdc41b02a89565c24bc71a90616f1e638cd6c097a3a8df10c56bf5a8,1,-54.6491854815,-53.4784150246,-54.424217414,1.17077045697,0.224968067488,0.2,sentence-transformers/all-MiniLM-L6-v2,0.0,,ablation/WikiMIA/WikiMIA_length32/pythia-6.9b/7
7,21b2843a96d26580af249f6c5951062f8b013d48dc0e91536b9da9506743c9c1,0,-58.3931658137,-52.0986520476,-55.7952622084,6.29451376609,2.59790360527,0.2,sentence-transformers/all-MiniLM-L6-v2,0.0,,ablation/WikiMIA/WikiMIA_length32/pythia-6.9b/7
7,092d5f122c9a31c630b2533aa4739ccf138646ec42d8a9319933c1ee748d761d,1,-37.1686818532,-34.3678558662,-36.6369338339,2.80082598698,0.531748019278,0.2,sentence-transformers/all-MiniLM-L6-v2,0.0,,ablation/WikiMIA/WikiMIA_length32/pythia-6.9b/7
7,7404bb87c34abc07749369ef414a26432753bcf93b8b137cc6051612f02d9b97,0,-70.1031760103,-64.2255066481,-68.4889402363,5.8776693622,1.61423577399,0.2,sentence-transformers/all-MiniLM-L6-v2,0.0,,ablation/WikiMIA/WikiMIA_length32/pythia-6.9b/7
7,5447aa6aef5caa492b10e6a276ab1b85d364f16e4a5ab4b798d599942a5bcaf3,1,-47.6220739234,-46.3450620425,-48.3058238375,1.27701188093,-0.683749914117,0.2,sentence-transformers/all-MiniLM-L6-v2,0.0,,ablation/WikiMIA/WikiMIA_length32/pythia-6.9b/7
7,55c0037d9e6d9685338393f5af344c8389f4dceee462be976ba7bfd5b78806e4,0,-43.6267133181,-41.944589376,-39.5099443724,1.68212394212,4.11676894565,0.2,sentence-transformers/all-MiniLM-L6-v2,0.0,,ablation/WikiMIA/WikiMIA_length32/pythia-6.9b/7
7,15b36b2a63a09a06c41ca2f9a109f982638212c7464ea20958430685bea3b4ac,1,-62.4196979952,-61.7386726308,-61.3024575924,0.681025364437,1.11724040282,0.2,sentence-transformers/all-MiniLM-L6-v2,0.0,,ablation/WikiMIA/WikiMIA_length32/pythia-6.9b/7
7,4491642a6696583433e6850d1f68780e24e79e40a188912cd6a62cfdf748f81a,0,-41.5279379667,-40.5434737169,-40.5596078722,0.984464249775,0.968330094482,0.2,sentence-transformers/all-MiniLM-L6-v2,0.0,,ablation/WikiMIA/WikiMIA_length32/pythia-6.9b/7
7,b82f7524c2ac0d5978cc4b677e43b570c2695237e7f69e8042e5ed5b0a408086,1,-58.31483711,-58.2822735833,-59.75735779,0.0325635267947,-1.44252067999,0.2,sentence-transformers/all-MiniLM-L6-v2,0.0,,ablation/WikiMIA/WikiMIA_length32/pythia-6.9b/7
7,0a89980378d79e682bbc03f4d558aa4a357a070a780abdd04a9af9d1c9668b31,0,-55.8190824695,-49.8705738877,-49.0990124149,5.94850858183,6.72007005464,0.2,sentence-transformers/all-MiniLM-L6-v2,0.0,,ablation/WikiMIA/WikiMIA_length32/pythia-6.9b/7
7,48aa37b54063e5dc495ef57bd05bbcd3dd786ad4c04b0af2ed5197fe0e807072,1,-54.2592653125,-49.4889037475,-51.2663936276,4.77036156497,2.99287168485,0.2,sentence-transformers/all-MiniLM-L6-v2,0.0,,ablation/WikiMIA/WikiMIA_length32/pythia-6.9b/7
7,a9a56b0e5db710bbddbd279d8129e674284e0acbad0e075b9d3ab31a20864ac7,0,-52.4787732783,-52.0378674261,-58.1301352323,0.440905852101,-5.65136195408,0.2,sentence-transformers/all-MiniLM-L6-v2,0.0,,ablation/WikiMIA/WikiMIA_length32/pythia-6.9b/7
7,e14c222930456cab9fa0a866382038aede86b0423e35dfb6e8f545522e19c160,1,-44.859328463,-42.1240676712,-42.7384063846,2.73526079187,2.12092207838,0.2,sentence-transformers/all-MiniLM-L6-v2,0.0,,ablation/WikiMIA/WikiMIA_length32/pythia-6.9b/7
7,3a10cf854bbcbe79eac70c20609d3355d9c0b491a61b911d31b48d20276adcaa,0,-59.5289776414,-58.8449426009,-58.3580281798,0.684035040502,1.17094946159,0.2,sentence-transformers/all-MiniLM-L6-v2,0.0,,ablation/WikiMIA/WikiMIA_length32/pythia-6.9b/7
7,b728a003f10251dc2fac871aa3eb88b6730210207e720c13e1581bd8dbdcd5f8,1,-54.5812516516,-61.5771558718,-54.6512469838,-6.99590422022,-0.0699953322097,0.2,sentence-transformers/all-MiniLM-L6-v2,0.0,,ablation/WikiMIA/WikiMIA_length32/pythia-6.9b/7
7,b2294b0dccc69b75c107f4a5d65a6250820b9aa071d26ac3682ea430939f8567,0,-39.4308549803,-45.4179129955,-43.4974281668,-5.98705801519,-4.06657318648,0.2,sentence-transformers/all-MiniLM-L6-v2,0.0,,ablation/WikiMIA/WikiMIA_length32/pythia-6.9b/7
7,8bd290f7e7664058a827f905176be0df8271688deac985fbd44f8d98a0460f6b,1,-54.1473737,-45.9705538485,-52.2208789023,8.17681985149,1.92649479772,0.2,sentence-transformers/all-MiniLM-L6-v2,0.0,,ablation/WikiMIA/WikiMIA_length32/pythia-6.9b/7
7,1c6fc6dfe75c4a9e76873baf8b1ae0ff57e524662c09b16ae9fd6a167501cc82,0,-36.0898592184,-38.6388546609,-32.9676498921,-2.54899544258,3.12220932626,0.2,sentence-transformers/all-MiniLM-L6-v2,0.0,,ablation/WikiMIA/WikiMIA_length32/pythia-6.9b/7
7,3b609c2a880dde09f8ff893ad6de2357147c862e030614a0f00e0757665276f6,1,-46.1529785401,-43.200782466,-42.0887858756,2.95219607411,4.06419266453,0.2,sentence-transformers/all-MiniLM-L6-v2,0.0,,ablation/WikiMIA/WikiMIA_length32/pythia-6.9b/7
7,61e7212fb3e613d81c1c7996248e0befed583f62e5494190a5c963c5707f311b,0,-37.4014080795,-40.872400098,-36.976166024,-3.47099201852,0.425242055542,0.2,sentence-transformers/all-MiniLM-L6-v2,0.0,,ablation/WikiMIA/WikiMIA_length32/pythia-6.9b/7
7,a3c4cf6b294e788a893c5024821fde46bc311fe14acb7b9d468164714c23e05b,1,-48.320082666,-43.5808407416,-49.7472214699,4.7392419244,-1.42713880393,0.2,sentence-transformers/all-MiniLM-L6-v2,0.0,,ablation/WikiMIA/WikiMIA_length32/pythia-6.9b/7
7,70bd9397ea363c1a32d458503f5f297637ef9ab8dfe0c46c13b3cd8004c95d40,0,-61.7468853833,-55.5177112348,-66.0294499083,6.22917414845,-4.28256452503,0.2,sentence-transformers/all-MiniLM-L6-v2,0.0,,ablation/WikiMIA/WikiMIA_length32/pythia-6.9b/7
7,a26a1e6ca18da0fc4dee5b72bbb46877c6465aba567ae4475e346a48a9b91025,1,-50.6325680718,-48.9809927986,-48.7108293296,1.65157527312,1.92173874215,0.2,sentence-transformers/all-MiniLM-L6-v2,0.0,,ablation/WikiMIA/WikiMIA_length32/pythia-6.9b/7
7,996bcb91d847299eddd73dbb561b09ff53096989ace09d35cfbaa72ba8b07e08,0,-49.549792758,-50.1488432942,-50.154940047,-0.599050536184,-0.605147289057,0.2,sentence-transformers/all-MiniLM-L6-v2,0.0,,ablation/WikiMIA/WikiMIA_length32/pythia-6.9b/7
7,c66833dbd8a267e19b1412d18dd730ab59198460ea2db48ab701e11867368a96,1,-39.6491880277,-37.5429820646,-44.9860024096,2.10620596305,-5.33681438192,0.2,sentence-transformers/all-MiniLM-L6-v2,0.0,,ablation/WikiMIA/WikiMIA_length32/pythia-6.9b/7
7,033cd4d55491b789357f9ac81869b5798f984d5e7412ccd36e011ad5c969d5a9,0,-78.0999379843,-74.4351998358,-73.8021905059,3.66473814847,4.29774747832,0.2,sentence-transformers/all-MiniLM-L6-v2,0.0,,ablation/WikiMIA/WikiMIA_length32/pythia-6.9b/7
7,87e0bcb2e8ea3f793d9455cfa00dd0c1f6bf866648035ce2302ab6c9d7474715,1,-41.4065244386,-43.1271541762,-42.1643182138,-1.72062973758,-0.757793775161,0.2,sentence-transformers/all-MiniLM-L6-v2,0.0,,ablation/WikiMIA/WikiMIA_length32/pythia-6.9b/7
7,e586baa7c699fad272dc2b466c73427ba007811a8cfd278ad44adf356fd8e35c,0,-63.3553928274,-60.9578932297,-63.6646927137,2.39749959764,-0.30929988634,0.2,sentence-transformers/all-MiniLM-L6-v2,0.0,,ablation/WikiMIA/WikiMIA_length32/pythia-6.9b/7
7,615195786383ec800f0626978dafa4f14f096181e75d1e089872c824de0cedc8,1,-51.7778223807,-50.2459307543,-51.2916807707,1.53189162637,0.486141610013,0.2,sentence-transformers/all-MiniLM-L6-v2,0.0,,ablation/WikiMIA/WikiMIA_length32/pythia-6.9b/7
7,8738270a4476042286aa5ac6ba32e0c2a1d6b29578015d0477a3f1c8a55d97de,0,-51.8003874679,-51.1734538837,-44.5562093853,0.626933584243,7.24417808257,0.2,sentence-transformers/all-MiniLM-L6-v2,0.0,,ablation/WikiMIA/WikiMIA_length32/pythia-6.9b/7
7,e841fd3183526e2b3a980a568bf324ebdb8e6f2d6b6fbf131346580857e2dfae,1,-65.781225749,-66.0618651113,-64.1112697407,-0.280639362294,1.66995600829,0.2,sentence-transformers/all-MiniLM-L6-v2,0.0,,ablation/WikiMIA/WikiMIA_length32/pythia-6.9b/7
7,b48fa679d111c981bb8c7068f1dd1ffc3a8b7439de2e0dea3e83bc59c803878c,0,-63.416285878,-59.40379819,-57.2205276083,4.01248768796,6.19575826969,0.2,sentence-transformers/all-MiniLM-L6-v2,0.0,,ablation/WikiMIA/WikiMIA_length32/pythia-6.9b/7
7,1c362abd68d188ea4702ca9458f1c6c6b0e2e374c3aa090d711736e5e9a125b8,1,-43.2184142511,-36.7191373809,-41.5581852351,6.49927687023,1.66022901606,0.2,sentence-transformers/all-MiniLM-L6-v2,0.0,,ablation/WikiMIA/WikiMIA_length32/pythia-6.9b/7
7,3e77b9801e121542145d662cbd5a2b130390cd1142fced9e2f603ca80add0225,0,-38.2710964755,-36.6134138883,-40.7852929334,1.65768258721,-2.51419645788,0.2,sentence-transformers/all-MiniLM-L6-v2,0.0,,ablation/WikiMIA/WikiMIA_length32/pythia-6.9b/7
7,919f265414989c2a33e6a0cc7d61e915cef74dadab82c6be20dfc8514fc8b234,1,-56.7293490636,-59.3003012512,-56.5741582003,-2.57095218761,0.155190863341,0.2,sentence-transformers/all-MiniLM-L6-v2,0.0,,ablation/WikiMIA/WikiMIA_length32/pythia-6.9b/7
7,3d60d3e845031b5125d67d6d41f651df9ce1f107be747a9f03481031433a9a2c,0,-46.8757761012,-42.1369989749,-43.4662249403,4.73877712631,3.40955116084,0.2,sentence-transformers/all-MiniLM-L6-v2,0.0,,ablation/WikiMIA/WikiMIA_length32/pythia-6.9b/7
7,7758169cb8b02762c761a4946fb577711255764f72fd1f533ba4fb85b5f27d46,1,-24.8358278662,-37.0175699711,-39.814714057,-12.1817421048,-14.9788861908,0.2,sentence-transformers/all-MiniLM-L6-v2,0.0,,ablation/WikiMIA/WikiMIA_length32/pythia-6.9b/7
7,fb0ef645ecaed1887478448d046f48e32444b434ab58922b0a84816c1b54bc62,0,-44.744142583,-48.5751110785,-42.8630398534,-3.83096849548,1.88110272964,0.2,sentence-transformers/all-MiniLM-L6-v2,0.0,,ablation/WikiMIA/WikiMIA_length32/pythia-6.9b/7
7,20e050372adedd4bdd8f3d47f39cc4b33b53dfae82fc2907f92e155e34407b02,1,-39.6371066618,-42.5154450256,-46.9981166717,-2.87833836377,-7.36101000988,0.2,sentence-transformers/all-MiniLM-L6-v2,0.0,,ablation/WikiMIA/WikiMIA_length32/pythia-6.9b/7
7,c9be29099fc66ec3f2cb9ef91f30f0283b2d9c2f7eaff40f432a112560bd86c0,0,-52.399800809,-47.6388985937,-46.4188138417,4.76090221531,5.98098696731,0.2,sentence-transformers/all-MiniLM-L6-v2,0.0,,ablation/WikiMIA/WikiMIA_length32/pythia-6.9b/7
7,1e536f52208bfe1286c8eb70a72dc8311a5dc479e94cbf2196b6f07ac71611bb,1,-30.8549597887,-25.3790240306,-31.4066331356,5.47593575815,-0.551673346833,0.2,sentence-transformers/all-MiniLM-L6-v2,0.0,,ablation/WikiMIA/WikiMIA_length32/pythia-6.9b/7
7,d42a22acf7c47e223d6b549456839d29b554e826c5514e82db8bc23385e9bb0c,0,-82.6321352503,-89.2211634505,-85.022733017,-6.58902820019,-2.3905977667,0.2,sentence-transformers/all-MiniLM-L6-v2,0.0,,ablation/WikiMIA/WikiMIA_length32/pythia-6.9b/7
7,536eded7defd8a43ad730fb05f61a22e3b398d4749eee2d760cd6f33b88b4cf3,1,-33.2934562546,-39.2686285669,-52.8501695523,-5.97517231229,-19.5567132977,0.2,sentence-transformers/all-MiniLM-L6-v2,0.0,,ablation/WikiMIA/WikiMIA_length32/pythia-6.9b/7
7,32c43a74c2d71ef7564cae7e4bb180d3c9d6fd0e7090bdcb67153c6747419e4f,0,-43.4798153124,-45.5404784877,-40.7172510428,-2.06066317534,2.76256426959,0.2,sentence-transformers/all-MiniLM-L6-v2,0.0,,ablation/WikiMIA/WikiMIA_length32/pythia-6.9b/7
7,8d07b3251636c29b7b968abb53eedc28f473b6d44e5357e5b641011ef53d1494,1,-48.8521580703,-45.8224147282,-46.8733353619,3.02974334213,1.97882270839,0.2,sentence-transformers/all-MiniLM-L6-v2,0.0,,ablation/WikiMIA/WikiMIA_length32/pythia-6.9b/7
7,ee667eb62400c3d6123dcc9d49325e5b07e18fc9d0d028917ea0ae0174d6bd53,0,-54.3111999409,-42.7011842664,-47.0485667825,11.6100156745,7.26263315837,0.2,sentence-transformers/all-MiniLM-L6-v2,0.0,,ablation/WikiMIA/WikiMIA_length32/pythia-6.9b/7
7,64e539e616505c274906747421ea9d3e75665161f6b1a71de56a3c288105e3fc,1,-43.0280401023,-50.9820738073,-52.184915945,-7.95403370494,-9.15687584272,0.2,sentence-transformers/all-MiniLM-L6-v2,0.0,,ablation/WikiMIA/WikiMIA_length32/pythia-6.9b/7
7,fa349dd21753f291f415016efb3748c3b4ee0cf2f89edcb32e67ef8f7c5ded61,0,-53.6147769731,-52.6064994175,-49.1199897128,1.00827755559,4.49478726024,0.2,sentence-transformers/all-MiniLM-L6-v2,0.0,,ablation/WikiMIA/WikiMIA_length32/pythia-6.9b/7
7,55231fe910fe73f08882fea89f42ed64f5287fef1a5f4e76aab50372594f3e3e,1,-41.8603954834,-36.2700688345,-39.0531909187,5.59032664888,2.80720456466,0.2,sentence-transformers/all-MiniLM-L6-v2,0.0,,ablation/WikiMIA/WikiMIA_length32/pythia-6.9b/7
7,a2af811dea0041925454f848bc70d21354d338dc830058f47a173fed084b984c,0,-61.5657561262,-59.9591467296,-61.7438162166,1.60660939652,-0.178060090428,0.2,sentence-transformers/all-MiniLM-L6-v2,0.0,,ablation/WikiMIA/WikiMIA_length32/pythia-6.9b/7
7,1447d2ec410d1bd729ba765a3a8eed0d427e81040144ca906cb79132f6504c04,1,-59.0686369469,-53.9422471117,-55.3896565298,5.12638983514,3.67898041706,0.2,sentence-transformers/all-MiniLM-L6-v2,0.0,,ablation/WikiMIA/WikiMIA_length32/pythia-6.9b/7
7,b974e9eac2e24bf4b5c5716f3e9bfa486ca8cb21647593d5f9b87ace37d0bb13,0,-46.0403822393,-45.9223804517,-40.6990656524,0.118001787532,5.34131658686,0.2,sentence-transformers/all-MiniLM-L6-v2,0.0,,ablation/WikiMIA/WikiMIA_length32/pythia-6.9b/7
7,1fdc30bc6c3c532e49d8c67435ac138f268f4007c2c5f186f37e7f8d627b127b,1,-33.1305632212,-25.9417353121,-28.9496005202,7.18882790908,4.18096270099,0.2,sentence-transformers/all-MiniLM-L6-v2,0.0,,ablation/WikiMIA/WikiMIA_length32/pythia-6.9b/7
7,d9d9ae652a48123fa10a9e063f8b0cc29fd1220cc96aaf5ac627683c224d3357,0,-54.7402450961,-54.1215970434,-51.4050375729,0.618648052739,3.33520752322,0.2,sentence-transformers/all-MiniLM-L6-v2,0.0,,ablation/WikiMIA/WikiMIA_length32/pythia-6.9b/7
7,4e07f99a1a22ceca5d57c5e3da60dced78b4b0d10cd6edf0bd512ed4e423847f,1,-43.2235734422,-35.7341571169,-39.2542674509,7.48941632532,3.96930599129,0.2,sentence-transformers/all-MiniLM-L6-v2,0.0,,ablation/WikiMIA/WikiMIA_length32/pythia-6.9b/7
7,bf40135a69709544abf1d437aaa914daf8ed0573ec3449f15e86ccb91128f84a,0,-61.1704449176,-61.4868907821,-61.7001634565,-0.316445864505,-0.52971853888,0.2,sentence-transformers/all-MiniLM-L6-v2,0.0,,ablation/WikiMIA/WikiMIA_length32/pythia-6.9b/7
7,eb8ff82d9e1d6a61f7c720edd1587ebe585dee9c8cb84e8bc270eed2f8c51e31,1,-53.5225870544,-49.5057674371,-55.572490813,4.01681961736,-2.04990375853,0.2,sentence-transformers/all-MiniLM-L6-v2,0.0,,ablation/WikiMIA/WikiMIA_length32/pythia-6.9b/7
7,e0f3d7adbcf156e12de1c8d865631c73b08a717958e3e618551dcd8287ec8340,0,-46.3687812954,-45.2826545303,-40.1322213664,1.08612676509,6.23655992896,0.2,sentence-transformers/all-MiniLM-L6-v2,0.0,,ablation/WikiMIA/WikiMIA_length32/pythia-6.9b/7
7,01042ec2bbe53e5ab4d78b2356c10b4e9efcd6b4073642991e274c9ec3c30cec,1,-61.5233087309,-57.8846452326,-66.0845687497,3.6386634983,-4.56126001887,0.2,sentence-transformers/all-MiniLM-L6-v2,0.0,,ablation/WikiMIA/WikiMIA_length32/pythia-6.9b/7
7,c36f656f84dda6f2fe6a2874072f7b2224d19fd1e02c1023452d56e123eaae62,0,-39.5983965254,-41.6893115649,-57.1075670392,-2.09091503942,-17.5091705138,0.2,sentence-transformers/all-MiniLM-L6-v2,0.0,,ablation/WikiMIA/WikiMIA_length32/pythia-6.9b/7
7,1d891e7c49de8c253aaec5d491f3e8c1f2aa2cd57790082cad7e6c515a7520cb,1,-51.6077332749,-49.4109317063,-50.3081154013,2.19680156861,1.29961787362,0.2,sentence-transformers/all-MiniLM-L6-v2,0.0,,ablation/WikiMIA/WikiMIA_length32/pythia-6.9b/7
7,745f9f84db1cb9e44a2bc6d55e070517e32054e40fc3f334aeb199cacea4d751,0,-51.3063562563,-50.3197027319,-47.337750112,0.986653524406,3.96860614429,0.2,sentence-transformers/all-MiniLM-L6-v2,0.0,,ablation/WikiMIA/WikiMIA_length32/pythia-6.9b/7
7,539d6e45db849861fd205d1fa90e3062aa5d94423185eda877eb7977a6959a30,1,-44.0483937185,-35.1043682131,-39.8953020142,8.9440255054,4.15309170429,0.2,sentence-transformers/all-MiniLM-L6-v2,0.0,,ablation/WikiMIA/WikiMIA_length32/pythia-6.9b/7
7,9e247a283010028597e7dd0fbdde90bc0d6f133781aaf9f134222db5ab1a4bf6,0,-47.0449926107,-44.5736776879,-41.8000630721,2.47131492276,5.2449295386,0.2,sentence-transformers/all-MiniLM-L6-v2,0.0,,ablation/WikiMIA/WikiMIA_length32/pythia-6.9b/7
7,5325e926b19185cae1135db7b50923e87465e873585916b3f3d72ac27002e2f7,1,-36.1074434292,-28.3444094047,-33.3185466705,7.76303402447,2.7888967587,0.2,sentence-transformers/all-MiniLM-L6-v2,0.0,,ablation/WikiMIA/WikiMIA_length32/pythia-6.9b/7
7,b1c087df57775e42dc01256e0ad04993e37d5ca46c6348f3abc6147f18acb720,0,-51.9765734616,-53.0040668828,-44.7376116165,-1.02749342118,7.23896184509,0.2,sentence-transformers/all-MiniLM-L6-v2,0.0,,ablation/WikiMIA/WikiMIA_length32/pythia-6.9b/7
7,c592bc4478dbe2e2f706c7e6a80a0832d744f82331ddce8f61e6de0eddef00ba,1,-41.0560597543,-35.5297992482,-43.1708925676,5.5262605061,-2.11483281333,0.2,sentence-transformers/all-MiniLM-L6-v2,0.0,,ablation/WikiMIA/WikiMIA_length32/pythia-6.9b/7
7,c78cdb7339b0724dc6dec36019583163a9950d2f3b7b62aab34f5b383d047562,0,-44.6223939275,-46.0304201732,-39.307711898,-1.40802624573,5.31468202945,0.2,sentence-transformers/all-MiniLM-L6-v2,0.0,,ablation/WikiMIA/WikiMIA_length32/pythia-6.9b/7
7,9689aaf7348d6a9f0568ad8056a7dbaf5a5a70c99dd4ecee2bc9cf3b6e7dc6df,1,-62.9158545945,-62.3922312918,-63.6786759245,0.523623302731,-0.76282133001,0.2,sentence-transformers/all-MiniLM-L6-v2,0.0,,ablation/WikiMIA/WikiMIA_length32/pythia-6.9b/7
7,cbef50de92d46ec1b5e12d515d1e4de2974de5ac7df2880d4b5d9506c147786a,0,-47.5995556079,-49.0965677773,-46.2505574717,-1.4970121694,1.34899813616,0.2,sentence-transformers/all-MiniLM-L6-v2,0.0,,ablation/WikiMIA/WikiMIA_length32/pythia-6.9b/7
7,06e89c07577a63e7efbd5a10510f06a42b19b624989a7efcb93f36707bf2221f,1,-48.9654698341,-45.9979099398,-48.127594496,2.96755989422,0.837875338027,0.2,sentence-transformers/all-MiniLM-L6-v2,0.0,,ablation/WikiMIA/WikiMIA_length32/pythia-6.9b/7
7,8242fb136852bf826052362fa5d458c78becb661e558760cd386ddf905a02a43,0,-59.8744107664,-56.0061612731,-52.4899269432,3.8682494933,7.38448382329,0.2,sentence-transformers/all-MiniLM-L6-v2,0.0,,ablation/WikiMIA/WikiMIA_length32/pythia-6.9b/7
7,12029afebaa0948aa35573d86b46c0df17c3e9b955373bc8f5b0f886ed489e42,1,-33.2873643749,-30.6296631454,-35.0456282841,2.65770122943,-1.75826390926,0.2,sentence-transformers/all-MiniLM-L6-v2,0.0,,ablation/WikiMIA/WikiMIA_length32/pythia-6.9b/7
7,1d6218b807fc8690e85c5d1bea42b754afda5fe0040016be3f0b3243c66aec5c,0,-47.5050516779,-46.1475364204,-42.734496747,1.35751525745,4.77055493088,0.2,sentence-transformers/all-MiniLM-L6-v2,0.0,,ablation/WikiMIA/WikiMIA_length32/pythia-6.9b/7
7,f57c771a23b861df1bd958de16e86d8ebd52a969e372cb3b43a59fcdad0973a3,1,-52.6425929411,-49.0426359749,-46.7055985861,3.59995696623,5.93699435507,0.2,sentence-transformers/all-MiniLM-L6-v2,0.0,,ablation/WikiMIA/WikiMIA_length32/pythia-6.9b/7
7,84bbc7e695e2a4d2f9993d7b6e33fa98c4a2b4bf0933a14ec2ef9e97144453a2,0,-58.2600150529,-56.8133818293,-52.8962705772,1.44663322359,5.36374447567,0.2,sentence-transformers/all-MiniLM-L6-v2,0.0,,ablation/WikiMIA/WikiMIA_length32/pythia-6.9b/7
7,0b30264f4359602788eb1a38232787b47679314d3b91dcbe96e774683df450c9,1,-43.0183650543,-36.5059846327,-39.4949760576,6.51238042165,3.52338899672,0.2,sentence-transformers/all-MiniLM-L6-v2,0.0,,ablation/WikiMIA/WikiMIA_length32/pythia-6.9b/7
7,1fdcd2f1d9b920d899447862f1139c94b562aa9fa836ae6b87621d226b90d6aa,0,-52.8977673701,-53.4930658756,-49.4350007134,-0.595298505515,3.4627666567,0.2,sentence-transformers/all-MiniLM-L6-v2,0.0,,ablation/WikiMIA/WikiMIA_length32/pythia-6.9b/7
7,174b5db84909ff27adb6c78d86c161aa6e48793b1c966421c849659bb89dd21d,1,-52.7128242018,-44.37460099,-53.5889532198,8.33822321173,-0.876129018039,0.2,sentence-transformers/all-MiniLM-L6-v2,0.0,,ablation/WikiMIA/WikiMIA_length32/pythia-6.9b/7
7,42eef1dac13ab120e40364e7a4c248238c48a8be05c8208cc4d7a6894dcd55e1,0,-55.0618312302,-56.8928162033,-59.185707494,-1.83098497309,-4.12387626382,0.2,sentence-transformers/all-MiniLM-L6-v2,0.0,,ablation/WikiMIA/WikiMIA_length32/pythia-6.9b/7
7,ce88ead94272376c6b9ca6b89f9eaf6f937d22e1d45652187a46b6b3b154bc82,1,-30.686418403,-30.7091431925,-29.2109502657,-0.0227247895674,1.47546813724,0.2,sentence-transformers/all-MiniLM-L6-v2,0.0,,ablation/WikiMIA/WikiMIA_length32/pythia-6.9b/7
7,e689d7c52c6185eef2f81b96c957e931bcd865166865820076be9c9ea2e2ac30,0,-50.479206808,-50.3111867487,-43.1838558309,0.168020059223,7.29535097701,0.2,sentence-transformers/all-MiniLM-L6-v2,0.0,,ablation/WikiMIA/WikiMIA_length32/pythia-6.9b/7
7,f317d2c32d98cda21defce736653fb8729caced638a31fe9c304e75f4ec28974,1,-35.6969987742,-29.2385805026,-33.985550411,6.45841827152,1.71144836319,0.2,sentence-transformers/all-MiniLM-L6-v2,0.0,,ablation/WikiMIA/WikiMIA_length32/pythia-6.9b/7
7,7dff32afefba884d646b8b0581b0895d815a0e604150851a6c4efdb8112e3da4,0,-65.8400620931,-66.3635630421,-70.1034366238,-0.523500948995,-4.26337453069,0.2,sentence-transformers/all-MiniLM-L6-v2,0.0,,ablation/WikiMIA/WikiMIA_length32/pythia-6.9b/7
7,487d4c61a054195f8eba504b1ad281d7ae9635a6b01992040591e337c5d71994,1,-61.1163652827,-52.2310757105,-54.0597905557,8.88528957224,7.05657472705,0.2,sentence-transformers/all-MiniLM-L6-v2,0.0,,ablation/WikiMIA/WikiMIA_length32/pythia-6.9b/7
7,9c9961577041ec918d78c7f991c45dee6fdacc84ccf30947ee278b321f03d71b,0,-66.6501082177,-57.7454189285,-56.0111836363,8.90468928917,10.6389245814,0.2,sentence-transformers/all-MiniLM-L6-v2,0.0,,ablation/WikiMIA/WikiMIA_length32/pythia-6.9b/7
7,13d8b3dd1e6e5794ca4f13bf5afcacf67d9637318989a243fd86e088c1a24e39,1,-41.5414690832,-36.439350991,-40.2670106882,5.1021180922,1.27445839504,0.2,sentence-transformers/all-MiniLM-L6-v2,0.0,,ablation/WikiMIA/WikiMIA_length32/pythia-6.9b/7
7,a5a069fd13131bba2cc1b781b6c658ceda6ded8b2bb51f8ac67fd7010981f18f,0,-66.6613403101,-65.7707170985,-65.5872290264,0.890623211604,1.07411128367,0.2,sentence-transformers/all-MiniLM-L6-v2,0.0,,ablation/WikiMIA/WikiMIA_length32/pythia-6.9b/7
7,d3310ae19c8e6eaeda1891aa2c0baf503f9a52c2052daf76f4de64a4830b75ca,1,-37.8885016206,-32.8760974716,-40.2911475835,5.01240414902,-2.40264596281,0.2,sentence-transformers/all-MiniLM-L6-v2,0.0,,ablation/WikiMIA/WikiMIA_length32/pythia-6.9b/7
7,01d8f5b0caec90e54bba97b7f946350f144e707635cf6997f07d9e3aa229c9bc,0,-86.7674081252,-76.077364218,-82.6547470486,10.6900439072,4.11266107666,0.2,sentence-transformers/all-MiniLM-L6-v2,0.0,,ablation/WikiMIA/WikiMIA_length32/pythia-6.9b/7
7,8e6d921b0468cbfbc5e8abb40534b5f83c112ac6728bb58ca7b8b89fa367ae79,1,-39.6925006103,-34.3640334385,-38.8569328818,5.32846717172,0.835567728467,0.2,sentence-transformers/all-MiniLM-L6-v2,0.0,,ablation/WikiMIA/WikiMIA_length32/pythia-6.9b/7
7,a5fb75fee03f4a7904b2e9b56e2cdd94993a5c80216d9dd7eb14c734efe8b681,0,-34.1966785356,-23.5313068666,-25.2935431076,10.6653716689,8.90313542799,0.2,sentence-transformers/all-MiniLM-L6-v2,0.0,,ablation/WikiMIA/WikiMIA_length32/pythia-6.9b/7
7,0fe7091c22b14e982817a536021dd6c119db439de281b53c23f3b59f694c197b,1,-50.8074831669,-49.6328443996,-46.5631216631,1.17463876731,4.24436150387,0.2,sentence-transformers/all-MiniLM-L6-v2,0.0,,ablation/WikiMIA/WikiMIA_length32/pythia-6.9b/7
7,b9e2337789cf9bbeb7d245cca9629dc3ad9df38c125e7574a50337463da0927f,0,-36.915235392,-35.0082378879,-32.658068953,1.90699750413,4.257166439,0.2,sentence-transformers/all-MiniLM-L6-v2,0.0,,ablation/WikiMIA/WikiMIA_length32/pythia-6.9b/7
7,55777c54d7d87a13a130ae3be63e618d0aba0a5849d697b9a4332d27f26aeabc,1,-54.0882411066,-53.6373268462,-54.9720398002,0.450914260406,-0.883798693557,0.2,sentence-transformers/all-MiniLM-L6-v2,0.0,,ablation/WikiMIA/WikiMIA_length32/pythia-6.9b/7
7,83d22361bf2926be83757996b9c328093e6406d1dfe0d39d2f4fc131ea3f393f,0,-59.5622918599,-54.1101656416,-58.2616890268,5.45212621836,1.30060283315,0.2,sentence-transformers/all-MiniLM-L6-v2,0.0,,ablation/WikiMIA/WikiMIA_length32/pythia-6.9b/7
7,ec47e780c4b93080df658c4d5258766f0997a31dba00586c42b320f4a23e8a67,1,-33.3663087596,-28.6035840936,-34.4830281918,4.76272466601,-1.11671943214,0.2,sentence-transformers/all-MiniLM-L6-v2,0.0,,ablation/WikiMIA/WikiMIA_length32/pythia-6.9b/7
7,be5a07706c19537bd5ba0b81dd5e27d8a6009f32e44830136d8896e773e41cba,0,-59.697762749,-62.3086913177,-55.3356382447,-2.61092856869,4.36212450424,0.2,sentence-transformers/all-MiniLM-L6-v2,0.0,,ablation/WikiMIA/WikiMIA_length32/pythia-6.9b/7
7,935b23c595757d296d6f6cd1bdfcb1cd2f872b13c12a7b87ee65d6ab198bfb9c,1,-53.282831544,-45.9798709401,-51.6099768881,7.30296060388,1.67285465592,0.2,sentence-transformers/all-MiniLM-L6-v2,0.0,,ablation/WikiMIA/WikiMIA_length32/pythia-6.9b/7
7,10d72f143e9be86ea60d20994b1fde7866525924b9a6fc9f4c98de5401b18aaa,0,-67.3154354974,-64.6125287698,-60.0808068513,2.70290672751,7.23462864608,0.2,sentence-transformers/all-MiniLM-L6-v2,0.0,,ablation/WikiMIA/WikiMIA_length32/pythia-6.9b/7
7,f9cbce009525061d83a95d837fc68d55b751111d395a403ce7a01938d5b5c46e,1,-46.1747081082,-39.4105777757,-47.2708514192,6.76413033249,-1.09614331101,0.2,sentence-transformers/all-MiniLM-L6-v2,0.0,,ablation/WikiMIA/WikiMIA_length32/pythia-6.9b/7
7,9e5560155c3e140c68efa7b931cc2e511dadcd276527108093ebdfa729608293,0,-37.7400170965,-37.5833768054,-31.0883468732,0.156640291112,6.65167022329,0.2,sentence-transformers/all-MiniLM-L6-v2,0.0,,ablation/WikiMIA/WikiMIA_length32/pythia-6.9b/7
7,7236733821fc0544d8dfb8bd1eeec02b773762b493f2c227b06b85bf96445844,1,-62.9148357248,-56.5118764806,-57.9868831838,6.40295924423,4.92795254102,0.2,sentence-transformers/all-MiniLM-L6-v2,0.0,,ablation/WikiMIA/WikiMIA_length32/pythia-6.9b/7
7,ccc9dc5732bc02207bfb9700bb74342ccbc781466d64df9486aef880a522f6a4,0,-37.3203064136,-34.1826879654,-38.2320822286,3.13761844825,-0.911775814977,0.2,sentence-transformers/all-MiniLM-L6-v2,0.0,,ablation/WikiMIA/WikiMIA_length32/pythia-6.9b/7
7,5f2a5695c13e446186361dd26b027419db4fae8648d17b4a8c7e04e10dec6f9c,1,-61.376683827,-67.6387592426,-74.3513177822,-6.26207541555,-12.9746339552,0.2,sentence-transformers/all-MiniLM-L6-v2,0.0,,ablation/WikiMIA/WikiMIA_length32/pythia-6.9b/7
7,8e181d14ab3ef66367a9cd33b8169e154228290b9cb7f39695970de6a84c6220,0,-58.6683625117,-57.1580557441,-58.3746164185,1.51030676755,0.293746093138,0.2,sentence-transformers/all-MiniLM-L6-v2,0.0,,ablation/WikiMIA/WikiMIA_length32/pythia-6.9b/7
7,3b516f4361e31658b8cfe9cd0701ce70b51379f274a1406f386ad21e7e59593c,1,-55.5219319454,-50.903140737,-54.3539416264,4.61879120844,1.16799031899,0.2,sentence-transformers/all-MiniLM-L6-v2,0.0,,ablation/WikiMIA/WikiMIA_length32/pythia-6.9b/7
7,cec3b6fb451685da0996c9fb04fbabcd012f8eebbd9ed8d24c30388b270106fc,0,-55.22698712,-56.6056190264,-51.1441172079,-1.37863190639,4.08286991212,0.2,sentence-transformers/all-MiniLM-L6-v2,0.0,,ablation/WikiMIA/WikiMIA_length32/pythia-6.9b/7
7,6ec033b6730c4e1939b069ad45369d379c0fb82b7da649e8bfccf28b740c022f,1,-62.4374659736,-57.9497263001,-62.7655925022,4.48773967354,-0.328126528596,0.2,sentence-transformers/all-MiniLM-L6-v2,0.0,,ablation/WikiMIA/WikiMIA_length32/pythia-6.9b/7
7,c2cf5d2986f00984f8888ce361794cfdcee416b5405e4c3a57a407de67beefda,0,-49.342882292,-49.5888286757,-48.4770040392,-0.245946383654,0.865878252853,0.2,sentence-transformers/all-MiniLM-L6-v2,0.0,,ablation/WikiMIA/WikiMIA_length32/pythia-6.9b/7
7,8272f92aa993eb54ae8944e74f4333815f9dd53677f7241d2bc046e5204919b7,1,-52.8274617947,-43.2471734751,-47.4109304041,9.58028831956,5.41653139054,0.2,sentence-transformers/all-MiniLM-L6-v2,0.0,,ablation/WikiMIA/WikiMIA_length32/pythia-6.9b/7
7,2a0b32085bc1d66af8e30fde2b377a9490734af15e5e30bb8da4f5c36cb141bd,0,-43.4824426026,-44.2206606681,-41.8176028635,-0.738218065491,1.66483973912,0.2,sentence-transformers/all-MiniLM-L6-v2,0.0,,ablation/WikiMIA/WikiMIA_length32/pythia-6.9b/7
7,526e9a58362353908084b387608f000d55bcb152c4b6323f9438b0f50d95bb04,1,-45.4455499786,-47.1811856679,-44.7428996934,-1.7356356893,0.702650285183,0.2,sentence-transformers/all-MiniLM-L6-v2,0.0,,ablation/WikiMIA/WikiMIA_length32/pythia-6.9b/7
7,f898f67465328d33f968f2e077fa6c133e7f526f124e875761b1b9ec9fc87cf3,0,-44.8892945142,-41.370936361,-39.7982377886,3.51835815321,5.09105672565,0.2,sentence-transformers/all-MiniLM-L6-v2,0.0,,ablation/WikiMIA/WikiMIA_length32/pythia-6.9b/7
7,4bff9a220d81d8b8e42a8f54ed790463fa8b543b46ba8f1b8ecad2c3ed59cdad,1,-50.1986053814,-44.344553908,-49.1115516478,5.8540514734,1.08705373361,0.2,sentence-transformers/all-MiniLM-L6-v2,0.0,,ablation/WikiMIA/WikiMIA_length32/pythia-6.9b/7
7,53e83f8c942a2267795bc2277ef9e655dd84f5b99252b0067224c6b82eaabc90,0,-61.0534126894,-63.1248322534,-58.0626290373,-2.071419564,2.99078365206,0.2,sentence-transformers/all-MiniLM-L6-v2,0.0,,ablation/WikiMIA/WikiMIA_length32/pythia-6.9b/7
7,075981c2aa8ab153b766b4af8a5ecaf630c1b8539550a161ae6b5c06d00f2830,1,-53.8767543801,-46.6707457224,-51.5023421677,7.20600865765,2.37441221237,0.2,sentence-transformers/all-MiniLM-L6-v2,0.0,,ablation/WikiMIA/WikiMIA_length32/pythia-6.9b/7
7,6cd8ecaea890532a5d642a837edcb4f2014604a41a8b32ed2e6f8f22c5c992e4,0,-34.6276407153,-37.9733990817,-30.7466883148,-3.34575836646,3.8809524005,0.2,sentence-transformers/all-MiniLM-L6-v2,0.0,,ablation/WikiMIA/WikiMIA_length32/pythia-6.9b/7
7,3c217a07b1812632e141681b6d3a3fe9808d4d19ffa5fe3b6ff948e8f751ddcc,1,-59.0670104623,-57.2103258533,-62.2145821268,1.85668460903,-3.14757166447,0.2,sentence-transformers/all-MiniLM-L6-v2,0.0,,ablation/WikiMIA/WikiMIA_length32/pythia-6.9b/7
7,0333279cdf49a4e1bbd13545b1a0d0415bae1d62580ee2393515adace55a329f,0,-43.5504684458,-46.9233636334,-40.8137009433,-3.37289518768,2.73676750243,0.2,sentence-transformers/all-MiniLM-L6-v2,0.0,,ablation/WikiMIA/WikiMIA_length32/pythia-6.9b/7
7,7dcf6b9a8e4ab695b8d7cc3a94f3d9d7fc2540a06d95d370f6a43a4e33c05fa1,1,-56.9653453693,-52.4892902427,-52.9332111283,4.47605512663,4.03213424103,0.2,sentence-transformers/all-MiniLM-L6-v2,0.0,,ablation/WikiMIA/WikiMIA_length32/pythia-6.9b/7
7,6fd39de6880ba50ec4e17368d365a119a19666fe457bd5a75064e319695cf77a,0,-44.9637827302,-38.7410264723,-39.3779530904,6.22275625783,5.58582963975,0.2,sentence-transformers/all-MiniLM-L6-v2,0.0,,ablation/WikiMIA/WikiMIA_length32/pythia-6.9b/7
7,5fc36b7595212e825d97f76adda777f9ab64c235f7bdda4ecf05448779e79625,1,-61.3548121847,-55.7589932289,-57.0218538782,5.59581895581,4.33295830649,0.2,sentence-transformers/all-MiniLM-L6-v2,0.0,,ablation/WikiMIA/WikiMIA_length32/pythia-6.9b/7
7,3c5ee55f4b6a4686ed8ae0b59d363979e3afd9e833f85736535495ea5d0b59a9,0,-65.0036134086,-63.547411148,-62.0397606659,1.45620226052,2.96385274269,0.2,sentence-transformers/all-MiniLM-L6-v2,0.0,,ablation/WikiMIA/WikiMIA_length32/pythia-6.9b/7
7,c0d4bd6aa3abc230be6213c8bc44fdd7447586e38dfb1ffce162735d44c82ecc,1,-43.1647676585,-39.5082265333,-45.0741197425,3.65654112527,-1.90935208394,0.2,sentence-transformers/all-MiniLM-L6-v2,0.0,,ablation/WikiMIA/WikiMIA_length32/pythia-6.9b/7
7,02d625bd775469eaee858c9f5579d5edc619f44a8ed1f12e2e6d2203bae21521,0,-41.8706153585,-39.9577155588,-41.6022806876,1.9128997997,0.268334670901,0.2,sentence-transformers/all-MiniLM-L6-v2,0.0,,ablation/WikiMIA/WikiMIA_length32/pythia-6.9b/7
7,5fe246b16e229f6c12d76144ed84e18fba864b46453bdf423bdfb7417c969302,1,-49.0953856648,-46.2186685262,-48.001830224,2.87671713862,1.09355544078,0.2,sentence-transformers/all-MiniLM-L6-v2,0.0,,ablation/WikiMIA/WikiMIA_length32/pythia-6.9b/7
7,d50a1c130f72032f7416c320fb2d92a6750a986e6ff1bc02544cc828d0456228,0,-60.8391777027,-57.7147590128,-52.5970532023,3.12441868994,8.24212450043,0.2,sentence-transformers/all-MiniLM-L6-v2,0.0,,ablation/WikiMIA/WikiMIA_length32/pythia-6.9b/7
7,a4e113bdd448186a6632122b0bf5d75a00679692b6225ece05dcc1eb461e7fa7,1,-50.0203925397,-47.7533113637,-49.471576169,2.26708117598,0.54881637072,0.2,sentence-transformers/all-MiniLM-L6-v2,0.0,,ablation/WikiMIA/WikiMIA_length32/pythia-6.9b/7
7,8d042f67e35bc3b099314bb1a492fb719a5f607f1673c417fa4362219cbfa8c5,0,-38.9833801672,-43.9498885599,-40.3688413535,-4.96650839271,-1.38546118628,0.2,sentence-transformers/all-MiniLM-L6-v2,0.0,,ablation/WikiMIA/WikiMIA_length32/pythia-6.9b/7
7,e0376a9397a969aa334c9c5260ed67a9b3436cc3bde8c4b622aaa98fd28a1205,1,-51.9100793464,-50.0501375305,-51.1758004711,1.85994181595,0.734278875339,0.2,sentence-transformers/all-MiniLM-L6-v2,0.0,,ablation/WikiMIA/WikiMIA_length32/pythia-6.9b/7
7,1d5c5e55ef66432f524cc3cb2a23fd5178b568c6f52b79142e0f3107ae8b98be,0,-67.1180946251,-64.1407480409,-62.4192361111,2.97734658417,4.69885851392,0.2,sentence-transformers/all-MiniLM-L6-v2,0.0,,ablation/WikiMIA/WikiMIA_length32/pythia-6.9b/7
7,c4eab157d3995420b39a3ad477eb037c858c563346be1b4d4738043f15e85e04,1,-54.7120114483,-44.5073117359,-52.930829824,10.2046997124,1.78118162426,0.2,sentence-transformers/all-MiniLM-L6-v2,0.0,,ablation/WikiMIA/WikiMIA_length32/pythia-6.9b/7
7,9752f23cecde6a76bb016b5d3d4379879955494296812b0187e98e6b8128b685,0,-58.0548101495,-48.9050065613,-46.7127474231,9.14980358819,11.3420627264,0.2,sentence-transformers/all-MiniLM-L6-v2,0.0,,ablation/WikiMIA/WikiMIA_length32/pythia-6.9b/7
7,6ceb0e1a1cf15c16af9375c668906cb812a5a4e5c9b460d175a2eb1d84fcfe26,1,-49.0032449503,-47.894032806,-48.0765236673,1.10921214426,0.926721283005,0.2,sentence-transformers/all-MiniLM-L6-v2,0.0,,ablation/WikiMIA/WikiMIA_length32/pythia-6.9b/7
7,43194bba44deda90ed6a05863e98d23b41322eb08b5f5c2f1eb104475d6d2550,0,-48.2811658728,-44.1655884406,-42.7437007383,4.11557743215,5.53746513449,0.2,sentence-transformers/all-MiniLM-L6-v2,0.0,,ablation/WikiMIA/WikiMIA_length32/pythia-6.9b/7
7,afb17f8d53553693a45fbf7b8f34d638d9accfb6b4aaabf0c2b2e4baaed80a11,1,-64.8456749889,-59.9365959156,-63.4698511336,4.9090790733,1.37582385527,0.2,sentence-transformers/all-MiniLM-L6-v2,0.0,,ablation/WikiMIA/WikiMIA_length32/pythia-6.9b/7
7,9de2c70ec387cdec9516092332f7de9bcbcd97ed063f47475c30932f70601ad2,0,-52.7166051696,-48.3115131528,-52.1698752963,4.40509201672,0.54672987328,0.2,sentence-transformers/all-MiniLM-L6-v2,0.0,,ablation/WikiMIA/WikiMIA_length32/pythia-6.9b/7
7,9375b0561843dd38148856f31ff94e85bbd94af93b4029bd376ad6800dd59245,1,-39.5059514971,-41.0090600252,-48.6636447802,-1.50310852809,-9.15769328307,0.2,sentence-transformers/all-MiniLM-L6-v2,0.0,,ablation/WikiMIA/WikiMIA_length32/pythia-6.9b/7
7,7dea80f342fddb1b042bae37f3d92dc68cbcf894ed3208a36a1a75402e682c29,0,-57.7002980247,-54.5351717582,-51.5263517119,3.16512626644,6.17394631282,0.2,sentence-transformers/all-MiniLM-L6-v2,0.0,,ablation/WikiMIA/WikiMIA_length32/pythia-6.9b/7
7,b9f1fd871df1dc13937cc5e681992660f261a48c85255166b587b8db36b35179,1,-56.4137295384,-53.6553795795,-51.1657237213,2.75834995891,5.24800581709,0.2,sentence-transformers/all-MiniLM-L6-v2,0.0,,ablation/WikiMIA/WikiMIA_length32/pythia-6.9b/7
7,e68fe1e4fe97a3b6ec8255a8de8dd806f9a040f2ccc876b6ff2a20180b639557,0,-58.9201110327,-56.2017095526,-51.6369719595,2.71840148013,7.2831390732,0.2,sentence-transformers/all-MiniLM-L6-v2,0.0,,ablation/WikiMIA/WikiMIA_length32/pythia-6.9b/7
7,ad83aadc145c551e90c118dff8ddd684b6bc37e9c44b6063e535bd5f5381bf5b,1,-68.2529370834,-67.7237518749,-66.7630745727,0.529185208542,1.48986251075,0.2,sentence-transformers/all-MiniLM-L6-v2,0.0,,ablation/WikiMIA/WikiMIA_length32/pythia-6.9b/7
7,205574de7698cd23eb1fb1709c3472f88d1006a13c525e4509e2e326edfbc840,0,-54.7516605353,-52.3921906756,-48.6547665521,2.35946985976,6.09689398327,0.2,sentence-transformers/all-MiniLM-L6-v2,0.0,,ablation/WikiMIA/WikiMIA_length32/pythia-6.9b/7
7,66301e36a9ddf646dd7dd5ae347520ca711cfc1938aba002b5f75b3dfa9d5437,1,-43.1339706747,-39.8740044152,-43.2100605739,3.25996625951,-0.0760898992375,0.2,sentence-transformers/all-MiniLM-L6-v2,0.0,,ablation/WikiMIA/WikiMIA_length32/pythia-6.9b/7
7,61b8fe81d3ef36ddae8c5819e9c5d5b3ff6dca7913849582fe8650f762e9a5e4,0,-40.3291499305,-40.9813915212,-38.7083375958,-0.652241590739,1.62081233463,0.2,sentence-transformers/all-MiniLM-L6-v2,0.0,,ablation/WikiMIA/WikiMIA_length32/pythia-6.9b/7
7,b62228d694bd8d2be9a683788d94d036525a7e191a278e6fefd023e639f12d43,1,-48.6034451271,-44.0463653143,-44.3938682166,4.55707981287,4.20957691051,0.2,sentence-transformers/all-MiniLM-L6-v2,0.0,,ablation/WikiMIA/WikiMIA_length32/pythia-6.9b/7
7,21759d838afb5a9079d579fbb1a6a78a4befacb507adc3e6f436c12df2aeb561,0,-47.1394653279,-48.6397567939,-43.6091051925,-1.50029146594,3.53036013541,0.2,sentence-transformers/all-MiniLM-L6-v2,0.0,,ablation/WikiMIA/WikiMIA_length32/pythia-6.9b/7
7,6549dd01e8a07fc3aaf6a2ceb77beeb0ac70ad8636826224638c79c6c7f9aaee,1,-27.8836274801,-25.6556877232,-30.7372179981,2.22793975688,-2.85359051799,0.2,sentence-transformers/all-MiniLM-L6-v2,0.0,,ablation/WikiMIA/WikiMIA_length32/pythia-6.9b/7
7,47f349d68f2ba548185cc7c635bf033e16b8f152063ca3a06e5552b637bc5d8b,0,-38.0274058644,-40.5965433981,-38.1225565159,-2.56913753371,-0.0951506515147,0.2,sentence-transformers/all-MiniLM-L6-v2,0.0,,ablation/WikiMIA/WikiMIA_length32/pythia-6.9b/7
7,73dd8729a6b1bb8e371d5deed4b520c6b217d3351052c4d92854ac0c3769a5d6,1,-52.3121440224,-55.3280633885,-56.6250077897,-3.01591936614,-4.31286376739,0.2,sentence-transformers/all-MiniLM-L6-v2,0.0,,ablation/WikiMIA/WikiMIA_length32/pythia-6.9b/7
7,ed0b8f6df6e708d390e724ecec15a54a690b30dff4265b379c35908f0fd93c88,0,-58.978122444,-61.0648629572,-59.8780654073,-2.08674051321,-0.899942963378,0.2,sentence-transformers/all-MiniLM-L6-v2,0.0,,ablation/WikiMIA/WikiMIA_length32/pythia-6.9b/7
7,139dab6696daac850f0852fd5325986fe1237328c64909ceeef99207c64d9f9e,1,-52.3201336098,-51.9704159939,-55.0792135384,0.349717615835,-2.75907992861,0.2,sentence-transformers/all-MiniLM-L6-v2,0.0,,ablation/WikiMIA/WikiMIA_length32/pythia-6.9b/7
7,77269bb90bf5fe7846dd1d9da1a932e65cb06179dd07b170e80e7a6dee71c672,0,-66.9517321528,-63.7849129024,-58.3023275449,3.16681925042,8.6494046079,0.2,sentence-transformers/all-MiniLM-L6-v2,0.0,,ablation/WikiMIA/WikiMIA_length32/pythia-6.9b/7
7,8ede864afd02b2c1d3c05f872ba2cd31755f5ec7fb3b23c7cb3952e87aab556f,1,-68.3293621876,-64.2586692571,-67.0810657973,4.07069293052,1.24829639034,0.2,sentence-transformers/all-MiniLM-L6-v2,0.0,,ablation/WikiMIA/WikiMIA_length32/pythia-6.9b/7
7,62e882e2a332ef14473650d44cb2d2b7b160ec0bd13ac90f11938bee7490e2bc,0,-70.1953146447,-70.4630731244,-70.9427727612,-0.267758479712,-0.747458116496,0.2,sentence-transformers/all-MiniLM-L6-v2,0.0,,ablation/WikiMIA/WikiMIA_length32/pythia-6.9b/7
7,c5386d0efb188305abcece59e6d3c231667c7e5896adf18cb1deecc69081d1a1,1,-60.5294481309,-57.1858987747,-68.2982296185,3.34354935621,-7.76878148764,0.2,sentence-transformers/all-MiniLM-L6-v2,0.0,,ablation/WikiMIA/WikiMIA_length32/pythia-6.9b/7
7,ecf154bb3af057f3ee7edd15dcec28d2404adfb6e3e5dcbf4c990984d1155f62,0,-61.7117259241,-60.6686403933,-59.9452133768,1.04308553079,1.76651254736,0.2,sentence-transformers/all-MiniLM-L6-v2,0.0,,ablation/WikiMIA/WikiMIA_length32/pythia-6.9b/7
7,3b6b4206886fd49506969425e0fdd57daa487c58af23aa076af4139d1dee6a0b,1,-49.2703080653,-42.3910066941,-51.5840540506,6.87930137129,-2.31374598527,0.2,sentence-transformers/all-MiniLM-L6-v2,0.0,,ablation/WikiMIA/WikiMIA_length32/pythia-6.9b/7
7,c1b7e8ae5cb908484398c4a8b4cdc4ff58a6b39684bde552d6e2222f4f73d8d2,0,-63.5735239387,-63.5093146685,-62.7043477763,0.0642092701644,0.869176162398,0.2,sentence-transformers/all-MiniLM-L6-v2,0.0,,ablation/WikiMIA/WikiMIA_length32/pythia-6.9b/7
7,5d4ede4385f667f5fb49513cd6c2b0b0aeef634ea6e5ba546df2a973bf6b91cf,1,-50.9400979806,-48.3477031212,-49.5463266359,2.59239485938,1.39377134466,0.2,sentence-transformers/all-MiniLM-L6-v2,0.0,,ablation/WikiMIA/WikiMIA_length32/pythia-6.9b/7
7,b152cd4b7c0b3313e053de02ad37ede0e7a82186ae7f42a585687b0aa31e0b4a,0,-65.5882856884,-63.3876629684,-60.5711466955,2.20062271999,5.01713899295,0.2,sentence-transformers/all-MiniLM-L6-v2,0.0,,ablation/WikiMIA/WikiMIA_length32/pythia-6.9b/7
7,fe1345ab65025ffba669ece328d11964a8206786e196dc978b920e0992c3336f,1,-49.0648537554,-46.6124895737,-50.3100948479,2.4523641817,-1.24524109247,0.2,sentence-transformers/all-MiniLM-L6-v2,0.0,,ablation/WikiMIA/WikiMIA_length32/pythia-6.9b/7
7,6407393029d2f59428380f66196f9b71caf4e2050fbd6f8ec51e696db4e351dc,0,-55.287607216,-55.800735288,-49.4409980622,-0.513128072017,5.84660915378,0.2,sentence-transformers/all-MiniLM-L6-v2,0.0,,ablation/WikiMIA/WikiMIA_length32/pythia-6.9b/7
7,a4037ad36e697cba6d9769fafa14731ea8f280ee26e7060e4193f66208d9e233,1,-60.5327560683,-57.9979922921,-61.9663856785,2.53476377629,-1.43362961016,0.2,sentence-transformers/all-MiniLM-L6-v2,0.0,,ablation/WikiMIA/WikiMIA_length32/pythia-6.9b/7
7,b062154aea032baa356d6b042fffb918f34f5b5acd853ef97ce375c01df1d5a8,0,-40.5668549649,-40.6596259731,-42.7791793121,-0.0927710082726,-2.21232434727,0.2,sentence-transformers/all-MiniLM-L6-v2,0.0,,ablation/WikiMIA/WikiMIA_length32/pythia-6.9b/7
7,574ae712445785c140a11d2a4543dc64f67bcf8077fa05df437bf719851aaed6,1,-49.9539933538,-43.2923429582,-47.561633155,6.66165039566,2.39236019877,0.2,sentence-transformers/all-MiniLM-L6-v2,0.0,,ablation/WikiMIA/WikiMIA_length32/pythia-6.9b/7
7,6f47860f61a49fbfbd74391d9e1721a85d18fc343f0bf89d0cd68d0446a27e3c,0,-59.7567142167,-54.6710655204,-52.4355855642,5.0856486963,7.32112865248,0.2,sentence-transformers/all-MiniLM-L6-v2,0.0,,ablation/WikiMIA/WikiMIA_length32/pythia-6.9b/7
7,974136cca25c2741fd30de27daf2da59fdc5d2bad2c65a947d988d60b7cdd68d,1,-48.7736221442,-48.77881268,-53.1091559936,-0.00519053581273,-4.33553384937,0.2,sentence-transformers/all-MiniLM-L6-v2,0.0,,ablation/WikiMIA/WikiMIA_length32/pythia-6.9b/7
7,2adf67f210ececb7bffa27bd80945546067ee26b625f324d5505e796a81ea13d,0,-55.8301789962,-52.7500744427,-49.1349783283,3.08010455349,6.69520066797,0.2,sentence-transformers/all-MiniLM-L6-v2,0.0,,ablation/WikiMIA/WikiMIA_length32/pythia-6.9b/7
7,689729af74ed2c7ef9708b671bbe82518644db790ba15f50ef93ec819aabcd9a,1,-59.4764663087,-55.174862002,-60.0128148989,4.30160430667,-0.53634859021,0.2,sentence-transformers/all-MiniLM-L6-v2,0.0,,ablation/WikiMIA/WikiMIA_length32/pythia-6.9b/7
7,a85671f12c3bb4cc2b0f7eb63dcf7560539fccdd558bcc6698038cd85b36b885,0,-70.8534006349,-66.468634962,-66.2843423164,4.3847656729,4.56905831852,0.2,sentence-transformers/all-MiniLM-L6-v2,0.0,,ablation/WikiMIA/WikiMIA_length32/pythia-6.9b/7
7,9c1857736bd728a86d70accf3e569c446486ff4c18ed01d8ec16114cc9b11591,1,-57.4665737124,-56.9905605385,-56.7233355832,0.476013173907,0.743238129185,0.2,sentence-transformers/all-MiniLM-L6-v2,0.0,,ablation/WikiMIA/WikiMIA_length32/pythia-6.9b/7
7,b1d6ad47ce7654e99a71b1419e2e21137e654dee68a46114da37b681de87050a,0,-52.6581035014,-52.6205013905,-45.9621688705,0.0376021108986,6.69593463084,0.2,sentence-transformers/all-MiniLM-L6-v2,0.0,,ablation/WikiMIA/WikiMIA_length32/pythia-6.9b/7
7,bff91f567d1ea037e1bba06439622a580b4ac71ab66b06455852d7f3b50f790a,1,-43.2597803649,-44.7681544878,-44.025897002,-1.50837412288,-0.76611663708,0.2,sentence-transformers/all-MiniLM-L6-v2,0.0,,ablation/WikiMIA/WikiMIA_length32/pythia-6.9b/7
7,314d27a92ea9b73d0ef8ec22ad94b8555a326ab89151c083d77c37b0816a6d2a,0,-51.7692320335,-55.2081510581,-54.9087497661,-3.4389190246,-3.13951773258,0.2,sentence-transformers/all-MiniLM-L6-v2,0.0,,ablation/WikiMIA/WikiMIA_length32/pythia-6.9b/7
7,d06534e90be4c3838d40d1c5a1adfc5f00826a702620acecaa7aa485f991963e,1,-48.0004132758,-49.7800021583,-48.7951927867,-1.77958888249,-0.79477951089,0.2,sentence-transformers/all-MiniLM-L6-v2,0.0,,ablation/WikiMIA/WikiMIA_length32/pythia-6.9b/7
7,c41674a7dd1ca963f85e5ea094202d897937ee0d04f7f4ae7424c3f31c306c15,0,-60.6980790622,-58.1926664321,-57.4766626981,2.50541263009,3.22141636404,0.2,sentence-transformers/all-MiniLM-L6-v2,0.0,,ablation/WikiMIA/WikiMIA_length32/pythia-6.9b/7
7,7708112e33294a6e983a1db697ed87ea0ceeb5e72d73de9ae6aae194940920cf,1,-66.451239697,-61.0998084394,-65.7142361614,5.35143125758,0.737003535576,0.2,sentence-transformers/all-MiniLM-L6-v2,0.0,,ablation/WikiMIA/WikiMIA_length32/pythia-6.9b/7
7,ea9557d7aff19c4289802f68450f743bc9e3ef91dd7d174b983dd8232b672c3e,0,-30.8452121571,-37.2784609852,-40.2388251537,-6.43324882805,-9.39361299662,0.2,sentence-transformers/all-MiniLM-L6-v2,0.0,,ablation/WikiMIA/WikiMIA_length32/pythia-6.9b/7
7,e05bcf0ecb8b8d824a22440c8dff5f6bb671e03de6c7d0298f637feaa1ee0454,1,-53.6862147092,-52.1419406558,-54.2066833554,1.54427405347,-0.52046864619,0.2,sentence-transformers/all-MiniLM-L6-v2,0.0,,ablation/WikiMIA/WikiMIA_length32/pythia-6.9b/7
7,d6cd404b6a1b746a3f6a64d50d67e5128267d71b0da41da20ccfd62b1368025e,0,-46.8335933527,-46.9435651913,-49.8248682609,-0.10997183867,-2.99127490823,0.2,sentence-transformers/all-MiniLM-L6-v2,0.0,,ablation/WikiMIA/WikiMIA_length32/pythia-6.9b/7
7,674bbdb10625bc20c4792c2d9542c5c549cc06e06f122ffbb4cac77263099787,1,-22.1486450729,-26.8131741271,-34.4284385949,-4.66452905422,-12.279793522,0.2,sentence-transformers/all-MiniLM-L6-v2,0.0,,ablation/WikiMIA/WikiMIA_length32/pythia-6.9b/7
7,75e9afd86d8b50669fd11fa12a00000a4f51aaf9407565eb21ee300454614ed1,0,-59.0917641289,-54.6579123843,-51.9895225415,4.43385174454,7.10224158736,0.2,sentence-transformers/all-MiniLM-L6-v2,0.0,,ablation/WikiMIA/WikiMIA_length32/pythia-6.9b/7
7,aa788d3aac91d711633a6153e006e4bdbe7bd6bbeae43c173d018c05d30189ca,1,-59.3648905921,-57.9479588936,-58.0655412183,1.41693169851,1.29934937383,0.2,sentence-transformers/all-MiniLM-L6-v2,0.0,,ablation/WikiMIA/WikiMIA_length32/pythia-6.9b/7
7,f5104c374d3786da897b35eae3556c489305ad55be189e2a04e1823739c8e3de,0,-60.9095242637,-58.5349967643,-59.5251354357,2.37452749946,1.38438882801,0.2,sentence-transformers/all-MiniLM-L6-v2,0.0,,ablation/WikiMIA/WikiMIA_length32/pythia-6.9b/7
7,39697881e83ad702228acbc5c77d76d29976176e2c019bf7e4da53df8cef66b7,1,-43.3694627878,-43.0937396313,-44.6088886268,0.275723156506,-1.23942583903,0.2,sentence-transformers/all-MiniLM-L6-v2,0.0,,ablation/WikiMIA/WikiMIA_length32/pythia-6.9b/7
7,3005247bd37cca3c72a8f6c9da2981fa23e7355aa63898108509dc2d059764f3,0,-57.3949315104,-58.2396335545,-57.8380645922,-0.844702044095,-0.443133081761,0.2,sentence-transformers/all-MiniLM-L6-v2,0.0,,ablation/WikiMIA/WikiMIA_length32/pythia-6.9b/7
7,07b14100a5c6006db59b6aa6658bf7a00df797a52052b674d3af4220ff64ac94,1,-52.1778279431,-52.7897230498,-56.6500475899,-0.611895106638,-4.47221964681,0.2,sentence-transformers/all-MiniLM-L6-v2,0.0,,ablation/WikiMIA/WikiMIA_length32/pythia-6.9b/7
7,5acec149ac9fce0362daf22f9e7cb6c630a44bb61ddabcfe17253ff41777595e,0,-56.2772732336,-57.6298154531,-46.4171926464,-1.35254221943,9.8600805872,0.2,sentence-transformers/all-MiniLM-L6-v2,0.0,,ablation/WikiMIA/WikiMIA_length32/pythia-6.9b/7
7,aa4c72c5df20baa9288b3f2f3f5b0f09052f279392b270481c69dcd0ec2039e1,1,-43.037816553,-46.0488382219,-43.8255288796,-3.0110216689,-0.787712326664,0.2,sentence-transformers/all-MiniLM-L6-v2,0.0,,ablation/WikiMIA/WikiMIA_length32/pythia-6.9b/7
7,e69b0b7cebc17153206431e2f1f81ce898d08083900ab742785bf378ff5e4cc6,0,-40.3702306911,-35.1281526049,-32.1120750993,5.24207808614,8.25815559181,0.2,sentence-transformers/all-MiniLM-L6-v2,0.0,,ablation/WikiMIA/WikiMIA_length32/pythia-6.9b/7
7,22a82191c23aac01b5facedf6c47d29792be7cd1564289d236b769ec61304c63,1,-50.224923259,-46.294840236,-49.679984316,3.93008302302,0.544938943021,0.2,sentence-transformers/all-MiniLM-L6-v2,0.0,,ablation/WikiMIA/WikiMIA_length32/pythia-6.9b/7
7,9a71051eae676f786ace56a765f7aa1d36ddf9e3169ca73e649cff0df57102e3,0,-62.3729829751,-60.2617948807,-56.5631688626,2.11118809442,5.80981411256,0.2,sentence-transformers/all-MiniLM-L6-v2,0.0,,ablation/WikiMIA/WikiMIA_length32/pythia-6.9b/7
7,23c7d006dc4f9da17b72f60edfca4d16f7828194115c8200c5946fb9b4a08afa,1,-64.416138918,-55.6408889617,-56.2117120741,8.77524995629,8.20442684389,0.2,sentence-transformers/all-MiniLM-L6-v2,0.0,,ablation/WikiMIA/WikiMIA_length32/pythia-6.9b/7
7,5d50cade52780e24b6af6dadfcfe07ea6bda1cae690dd571a04add222d99e3ef,0,-72.9213176247,-68.3744242225,-66.956104594,4.54689340229,5.96521303074,0.2,sentence-transformers/all-MiniLM-L6-v2,0.0,,ablation/WikiMIA/WikiMIA_length32/pythia-6.9b/7
7,519422a874723528a62050ecad9e98e3c2bbc86e5a85e1b6e228d4a18eb9d857,1,-58.4757237151,-56.9317581179,-59.5446673926,1.54396559723,-1.0689436775,0.2,sentence-transformers/all-MiniLM-L6-v2,0.0,,ablation/WikiMIA/WikiMIA_length32/pythia-6.9b/7
7,51b62b6ea096445b60179ee53ebaa49e2c5655dce224bdb2620c95d3766528a0,0,-68.0407332748,-70.5270990107,-63.8859125429,-2.48636573598,4.15482073184,0.2,sentence-transformers/all-MiniLM-L6-v2,0.0,,ablation/WikiMIA/WikiMIA_length32/pythia-6.9b/7
7,42cb7e96e2ac664334d61dbb735821056100f0c8f75ecf705a6dd602bf3daa4b,1,-50.4031039052,-49.3324431138,-50.4840568594,1.07066079136,-0.080952954297,0.2,sentence-transformers/all-MiniLM-L6-v2,0.0,,ablation/WikiMIA/WikiMIA_length32/pythia-6.9b/7
7,3a1bf2b8171642d438a4c799aa728c2314b5eb5af57aa008cbfef4007176e089,0,-30.8270777258,-32.3814111624,-29.9964765705,-1.55433343654,0.830601155349,0.2,sentence-transformers/all-MiniLM-L6-v2,0.0,,ablation/WikiMIA/WikiMIA_length32/pythia-6.9b/7
7,5f321b87c3e08fec014b3ac393bfa9a7bb32147a3469abc1c73da8309e65cdeb,1,-61.1620201878,-54.7659446931,-60.9892269551,6.39607549472,0.17279323265,0.2,sentence-transformers/all-MiniLM-L6-v2,0.0,,ablation/WikiMIA/WikiMIA_length32/pythia-6.9b/7
7,ef354494a86ba51f26b4403c776d7f3897b614176c63f8ed64468af62f79ee89,0,-65.8308370465,-66.3128735228,-64.695663598,-0.482036476347,1.13517344847,0.2,sentence-transformers/all-MiniLM-L6-v2,0.0,,ablation/WikiMIA/WikiMIA_length32/pythia-6.9b/7
7,877f8b72a3ed8f8fb67aefeac94c950ac562fe4d59760d2a77f13097e19ebb87,1,-53.4463451769,-50.4549627304,-56.6773957396,2.99138244648,-3.23105056264,0.2,sentence-transformers/all-MiniLM-L6-v2,0.0,,ablation/WikiMIA/WikiMIA_length32/pythia-6.9b/7
7,bf33f7708d98c3af5270e83ccc780a926a29b902b7f8378c6d615629dbef6578,0,-58.2548266989,-55.1728575445,-54.6390469372,3.08196915432,3.61577976168,0.2,sentence-transformers/all-MiniLM-L6-v2,0.0,,ablation/WikiMIA/WikiMIA_length32/pythia-6.9b/7
7,1ccba39ca6c512accd1fcb0782aedaaa22e01635233573234fe98aac97dec9c8,1,-55.649300379,-49.3332191784,-51.7037199118,6.3160812006,3.94558046718,0.2,sentence-transformers/all-MiniLM-L6-v2,0.0,,ablation/WikiMIA/WikiMIA_length32/pythia-6.9b/7
7,24406f3edfdc2ade769f5ce12a1d5820b26163e32c00f4f0c89f77e65210594a,0,-42.6123951708,-35.971435109,-33.3844475048,6.64096006177,9.22794766597,0.2,sentence-transformers/all-MiniLM-L6-v2,0.0,,ablation/WikiMIA/WikiMIA_length32/pythia-6.9b/7
7,ea76552b91ca49dd89554904ab8019e8d282695f8e8468c50beda7604fe897a5,1,-62.338383304,-56.8984272532,-58.3657132163,5.43995605074,3.9726700877,0.2,sentence-transformers/all-MiniLM-L6-v2,0.0,,ablation/WikiMIA/WikiMIA_length32/pythia-6.9b/7
7,871d9f83d680eb8eca4a92537b81836d35992b1ffc848b20cf4c5b663e57ea27,0,-67.1304927345,-64.1947612079,-66.0708660667,2.93573152653,1.0596266678,0.2,sentence-transformers/all-MiniLM-L6-v2,0.0,,ablation/WikiMIA/WikiMIA_length32/pythia-6.9b/7
7,91354e5342ee120c02dfe123ccfcfd9a66783b3f64efba5af68b3092ccc2b35a,1,-50.1677657071,-44.1024778239,-46.0379706553,6.06528788317,4.12979505173,0.2,sentence-transformers/all-MiniLM-L6-v2,0.0,,ablation/WikiMIA/WikiMIA_length32/pythia-6.9b/7
7,72a998bff439fb8c528921b1e4096b9f0d7383e92cedf1e8c4e311c9fadf5c40,0,-66.6837666155,-68.3555367471,-60.4035263178,-1.67177013155,6.28024029772,0.2,sentence-transformers/all-MiniLM-L6-v2,0.0,,ablation/WikiMIA/WikiMIA_length32/pythia-6.9b/7
7,e720876009e1a4b5208b3c80f12a5d546769b917ab6778a063d0f0244db93aa5,1,-57.8694549973,-51.6828194133,-56.0740671699,6.18663558399,1.79538782747,0.2,sentence-transformers/all-MiniLM-L6-v2,0.0,,ablation/WikiMIA/WikiMIA_length32/pythia-6.9b/7
7,478335339674221c935f19d3c108316ee3eafec0039e014b05f6215a904df33f,0,-41.5665063852,-43.5212611974,-42.9130584804,-1.9547548122,-1.34655209524,0.2,sentence-transformers/all-MiniLM-L6-v2,0.0,,ablation/WikiMIA/WikiMIA_length32/pythia-6.9b/7
7,56be36ef7366f8d055896af85b5425f16033b72d56fd2ee628aceaed1c7a48f5,1,-62.357349026,-56.4224264506,-65.0183927894,5.93492257538,-2.66104376344,0.2,sentence-transformers/all-MiniLM-L6-v2,0.0,,ablation/WikiMIA/WikiMIA_length32/pythia-6.9b/7
7,8c7d565bd07ad3d19c77da1c4595ca2409bf42d436ad68b1dd42f5e176bbf868,0,-66.3447653458,-64.3569399698,-66.1687617235,1.98782537603,0.176003622342,0.2,sentence-transformers/all-MiniLM-L6-v2,0.0,,ablation/WikiMIA/WikiMIA_length32/pythia-6.9b/7
7,dc04ea740300e7d8ca5d0894fd9138ac65e2d7304f14e49b519128d8ce3b43e8,1,-62.2381787882,-59.5382218822,-61.3302618663,2.69995690604,0.907916921902,0.2,sentence-transformers/all-MiniLM-L6-v2,0.0,,ablation/WikiMIA/WikiMIA_length32/pythia-6.9b/7
7,e1c4295f8775e883bb5cef03220751b35b95ca472e1c7e30fc7359d52f0d995b,0,-45.7114696042,-41.4569691555,-41.8319791097,4.25450044864,3.87949049446,0.2,sentence-transformers/all-MiniLM-L6-v2,0.0,,ablation/WikiMIA/WikiMIA_length32/pythia-6.9b/7
7,a69983c5f5ba46df4c8937f1241e69f0d159f269d801dcdc1130da562a2ae055,1,-67.4281116688,-67.9942193408,-64.3228669909,-0.566107671983,3.10524467787,0.2,sentence-transformers/all-MiniLM-L6-v2,0.0,,ablation/WikiMIA/WikiMIA_length32/pythia-6.9b/7
7,a87ad17ef8a95fa8c2c8a851c1ad82da860fa51715f526334ae06552bc0cc8f6,0,-59.8897142815,-56.7013413864,-65.4624172503,3.18837289506,-5.57270296882,0.2,sentence-transformers/all-MiniLM-L6-v2,0.0,,ablation/WikiMIA/WikiMIA_length32/pythia-6.9b/7
7,10947a2dc0be8d5c6bdf6952003dc61ffebb9a6bfb06438f6692ab22c086ed4d,1,-41.8926489771,-43.7829481205,-45.7818746793,-1.89029914341,-3.88922570211,0.2,sentence-transformers/all-MiniLM-L6-v2,0.0,,ablation/WikiMIA/WikiMIA_length32/pythia-6.9b/7
7,300d026a2189820c2f8d0f3a9a1277e2ebe3e3b9fd78915601182313a884e00f,0,-76.4682976331,-73.1068733073,-81.0773053141,3.36142432583,-4.60900768092,0.2,sentence-transformers/all-MiniLM-L6-v2,0.0,,ablation/WikiMIA/WikiMIA_length32/pythia-6.9b/7
7,5869a138c38fc442df58fed54b65c76376202d8d114f86b43b2b31e0861f47de,1,-62.6213991536,-55.5404957621,-56.5165169918,7.08090339153,6.10488216179,0.2,sentence-transformers/all-MiniLM-L6-v2,0.0,,ablation/WikiMIA/WikiMIA_length32/pythia-6.9b/7
7,9d986f7500608a126af3353bff4e2f3686071ec28f0e13fdac8d66c7e787e58a,0,-31.8821486893,-36.5538761639,-30.3823405706,-4.67172747458,1.4998081187,0.2,sentence-transformers/all-MiniLM-L6-v2,0.0,,ablation/WikiMIA/WikiMIA_length32/pythia-6.9b/7
7,9e6b4b2f8af08870541a12d2cb6d5cf7aba1cf2987573f8c25fc2815bea06538,1,-44.3528681083,-41.1757383185,-47.7877771167,3.17712978981,-3.43490900836,0.2,sentence-transformers/all-MiniLM-L6-v2,0.0,,ablation/WikiMIA/WikiMIA_length32/pythia-6.9b/7
7,9539d0e83192e5e5933dd10ab87fb01929f359e6eb41b93d41981e92ed2e81e8,0,-58.3062182632,-55.3476228574,-54.8604769016,2.95859540577,3.4457413616,0.2,sentence-transformers/all-MiniLM-L6-v2,0.0,,ablation/WikiMIA/WikiMIA_length32/pythia-6.9b/7
7,bfa9477a69f420a5a81e742f9480d4126f8595a72f41a775cee16a65d54d6e3d,1,-60.9846150557,-55.8603032402,-60.7373825944,5.12431181553,0.247232461352,0.2,sentence-transformers/all-MiniLM-L6-v2,0.0,,ablation/WikiMIA/WikiMIA_length32/pythia-6.9b/7
7,ba72b157dfa6a2c711bafc416b3996da09193f659bae00d1aad6ad3815928c07,0,-84.6453509752,-81.6208610024,-78.7278587319,3.02448997276,5.91749224329,0.2,sentence-transformers/all-MiniLM-L6-v2,0.0,,ablation/WikiMIA/WikiMIA_length32/pythia-6.9b/7
7,ed76e0b3b56208b8c7ba3a61b3587c132bcd0b04a1c0eb17907bdc2288b52aa0,1,-40.899566131,-34.8741087454,-44.3030268865,6.02545738559,-3.40346075552,0.2,sentence-transformers/all-MiniLM-L6-v2,0.0,,ablation/WikiMIA/WikiMIA_length32/pythia-6.9b/7
7,3d1b89b13517b0e35a075afacd2f5fa17f0ee4e05081b630be18ab4f83f8c1d3,0,-61.857327713,-60.1902381288,-54.8182036586,1.66708958415,7.03912405442,0.2,sentence-transformers/all-MiniLM-L6-v2,0.0,,ablation/WikiMIA/WikiMIA_length32/pythia-6.9b/7
7,280b6bd8ce4ea0b5de245456873af6c21acd26dfd31e76c8982d0ff130a226ae,1,-59.2062834253,-55.339307001,-57.8549265879,3.86697642434,1.35135683741,0.2,sentence-transformers/all-MiniLM-L6-v2,0.0,,ablation/WikiMIA/WikiMIA_length32/pythia-6.9b/7
7,40abbe6d7def6fa839de6c9391455b3f0d8740bdc6f9f3dee16a0a1ff7bca5ca,0,-62.3719119452,-63.0833057111,-63.5932804265,-0.711393765886,-1.22136848128,0.2,sentence-transformers/all-MiniLM-L6-v2,0.0,,ablation/WikiMIA/WikiMIA_length32/pythia-6.9b/7
7,e3e50f614c2df6361b54f4c974953484e3681b7a819540176c18903f48ba1c41,1,-41.9915684335,-36.3549266408,-39.3198189125,5.63664179279,2.67174952107,0.2,sentence-transformers/all-MiniLM-L6-v2,0.0,,ablation/WikiMIA/WikiMIA_length32/pythia-6.9b/7
7,9cb8252bf5891ee502d03755599c1bb35b3a9b2631a4a92c6918b871d29666a0,0,-60.6726885464,-57.1490429835,-53.3159242411,3.52364556294,7.35676430537,0.2,sentence-transformers/all-MiniLM-L6-v2,0.0,,ablation/WikiMIA/WikiMIA_length32/pythia-6.9b/7
7,6f1d5f081eef3a3e00647381991687718266f43657b8136867398152f4c311ae,1,-66.0234221102,-66.0238115367,-69.6060922476,-0.000389426488638,-3.58267013736,0.2,sentence-transformers/all-MiniLM-L6-v2,0.0,,ablation/WikiMIA/WikiMIA_length32/pythia-6.9b/7
7,325f78b0d07cf04f58a8f561d8465c0f120e2bd6297a1dc6b2e197f38b35b2d7,0,-42.5913268145,-39.9599441013,-35.9304694612,2.63138271324,6.66085735328,0.2,sentence-transformers/all-MiniLM-L6-v2,0.0,,ablation/WikiMIA/WikiMIA_length32/pythia-6.9b/7
7,2c173981a8695bf833bdec83902c2194d0bb4627385bf72a810fa67c96e1084c,1,-66.0261592518,-63.8362644121,-66.7030374716,2.1898948397,-0.676878219802,0.2,sentence-transformers/all-MiniLM-L6-v2,0.0,,ablation/WikiMIA/WikiMIA_length32/pythia-6.9b/7
7,59a10328f22d8145afd5487913772096bb9132b1087e4a7beca3f37d193374eb,0,-42.6450740477,-39.1997372078,-34.9460965937,3.44533683987,7.698977454,0.2,sentence-transformers/all-MiniLM-L6-v2,0.0,,ablation/WikiMIA/WikiMIA_length32/pythia-6.9b/7
7,954a1ff3136ea94a2a5c2f30a9555c4da45d277149849f16501c3ba18b142ba0,1,-59.103238341,-59.9274947477,-59.3505779293,-0.824256406635,-0.247339588241,0.2,sentence-transformers/all-MiniLM-L6-v2,0.0,,ablation/WikiMIA/WikiMIA_length32/pythia-6.9b/7
7,c5da54225cd0759e387aba54538a495b08bd5161d95f7c39c73d1626fc1314c6,0,-69.2429534796,-66.9926440449,-61.1247026824,2.25030943469,8.11825079723,0.2,sentence-transformers/all-MiniLM-L6-v2,0.0,,ablation/WikiMIA/WikiMIA_length32/pythia-6.9b/7
7,c37eeb495040c24364b9cea640db95bc55d4b2f48f3cadd8507e28f68f0b2eac,1,-38.3852729762,-35.8462946873,-38.4207674203,2.53897828892,-0.0354944441092,0.2,sentence-transformers/all-MiniLM-L6-v2,0.0,,ablation/WikiMIA/WikiMIA_length32/pythia-6.9b/7
7,67e1c83c5d8a40ee258eaa0eeb4b336728f51e767d36b7197ab1b18db4ceff66,0,-35.5378137643,-38.2887153737,-36.5607944628,-2.7509016094,-1.02298069856,0.2,sentence-transformers/all-MiniLM-L6-v2,0.0,,ablation/WikiMIA/WikiMIA_length32/pythia-6.9b/7
7,2c3ea01ee75923fad304eefc6b08ca28b940440f310f865844f838ea8a6a29de,1,-73.707907072,-71.1140132763,-75.023679297,2.59389379576,-1.31577222497,0.2,sentence-transformers/all-MiniLM-L6-v2,0.0,,ablation/WikiMIA/WikiMIA_length32/pythia-6.9b/7
7,6bb93d81c950c717542a1038746ad69f3cefc0b0cbca86b9a4116dd1b285c783,0,-58.7081455245,-58.8950246383,-57.5650854337,-0.186879113836,1.14306009078,0.2,sentence-transformers/all-MiniLM-L6-v2,0.0,,ablation/WikiMIA/WikiMIA_length32/pythia-6.9b/7
7,17b5c7c55b7b598690b12aa13639d9dd7acb3d7dbc4f3ec216053ba5783ab757,1,-40.8527743935,-40.2516514954,-38.6818068564,0.601122898098,2.17096753704,0.2,sentence-transformers/all-MiniLM-L6-v2,0.0,,ablation/WikiMIA/WikiMIA_length32/pythia-6.9b/7
7,084537860c33a6c2df67b771b876e010c5638918fdcb1334311d979c8db9a84f,0,-43.9926441393,-39.6484715235,-42.8427665681,4.34417261584,1.1498775712,0.2,sentence-transformers/all-MiniLM-L6-v2,0.0,,ablation/WikiMIA/WikiMIA_length32/pythia-6.9b/7
7,0935ec332cc1f2886675d033634324e0a5d50392582f7a3e7da9e933975372fc,1,-43.6636679351,-46.7410032536,-50.5291758333,-3.07733531846,-6.86550789814,0.2,sentence-transformers/all-MiniLM-L6-v2,0.0,,ablation/WikiMIA/WikiMIA_length32/pythia-6.9b/7
7,74d6ae5c2d96119a0505c4e3082ffd6a4ca26a95424d58df26489c142e7e664e,0,-48.9222316832,-46.345470291,-41.7265575808,2.57676139221,7.19567410249,0.2,sentence-transformers/all-MiniLM-L6-v2,0.0,,ablation/WikiMIA/WikiMIA_length32/pythia-6.9b/7
7,9b635e9d2c68076173e4ec790576fc4c9eb9393ea126dbb45216b5ea1931374b,1,-60.1565420241,-55.6902546649,-56.6328295403,4.46628735916,3.52371248378,0.2,sentence-transformers/all-MiniLM-L6-v2,0.0,,ablation/WikiMIA/WikiMIA_length32/pythia-6.9b/7
7,92b8b3d33003e2bf56596339fc30a14d631ad175ec7aa957a046aa447f84abae,0,-62.9891083093,-63.4619402249,-59.3764661695,-0.472831915618,3.61264213977,0.2,sentence-transformers/all-MiniLM-L6-v2,0.0,,ablation/WikiMIA/WikiMIA_length32/pythia-6.9b/7
7,1528261ebb29109264ac6d048a04455fef9be136339274c50ab3f84313a850b2,1,-58.3603401715,-56.5080599224,-60.1506200476,1.8522802491,-1.79027987617,0.2,sentence-transformers/all-MiniLM-L6-v2,0.0,,ablation/WikiMIA/WikiMIA_length32/pythia-6.9b/7
7,1947b53187caae48906c1b61d0d5e4791a72882787dfe8805de02037730affc4,0,-49.6135538795,-46.8564277891,-46.6541989468,2.75712609037,2.95935493262,0.2,sentence-transformers/all-MiniLM-L6-v2,0.0,,ablation/WikiMIA/WikiMIA_length32/pythia-6.9b/7
7,390adb3a5fdbb6b48d3dabd29f7373cd921af3e94e6351fe7cacb6318c404666,1,-38.685688544,-37.0074518015,-37.6173116407,1.67823674249,1.06837690338,0.2,sentence-transformers/all-MiniLM-L6-v2,0.0,,ablation/WikiMIA/WikiMIA_length32/pythia-6.9b/7
7,024f48909b566f6a0e1006dba8707553c7ec5260342276c5db973054c0ae9f73,0,-65.7934777241,-63.9777652644,-60.974201541,1.81571245971,4.81927618308,0.2,sentence-transformers/all-MiniLM-L6-v2,0.0,,ablation/WikiMIA/WikiMIA_length32/pythia-6.9b/7
7,f06087d08e37ca560c239ae2aaaf51e8fec5e16578488ce3e1892097ac633461,1,-45.3405379053,-46.3479938161,-48.3332595417,-1.00745591079,-2.99272163637,0.2,sentence-transformers/all-MiniLM-L6-v2,0.0,,ablation/WikiMIA/WikiMIA_length32/pythia-6.9b/7
7,f71f7ac5bbe53a0622c66978ea8c8384bddc6e384768f4283678e1b90b8cdd4e,0,-46.4273142079,-44.866812925,-39.2285914702,1.56050128293,7.1987227377,0.2,sentence-transformers/all-MiniLM-L6-v2,0.0,,ablation/WikiMIA/WikiMIA_length32/pythia-6.9b/7
7,3b01180aaa40ae6cc074b760819bc90e1b23b5c7ba0ac112e103e3e646ea981d,1,-36.3998598768,-39.3306940408,-40.5915134894,-2.93083416399,-4.19165361261,0.2,sentence-transformers/all-MiniLM-L6-v2,0.0,,ablation/WikiMIA/WikiMIA_length32/pythia-6.9b/7
7,5fd80385bb03b1f364f59cfdd7a96e5cd9bbf5b7d7ebf3c7e15d14f43c9112c7,0,-53.8285632352,-50.5797631529,-50.6080042947,3.24880008222,3.2205589405,0.2,sentence-transformers/all-MiniLM-L6-v2,0.0,,ablation/WikiMIA/WikiMIA_length32/pythia-6.9b/7
7,90cdf9ad60b77dcd61d42332e0446828ef1111c23e31704c5a48ccdc38cb19ec,1,-52.3675938939,-49.5737707508,-58.5849375461,2.79382314307,-6.21734365221,0.2,sentence-transformers/all-MiniLM-L6-v2,0.0,,ablation/WikiMIA/WikiMIA_length32/pythia-6.9b/7
7,a331b2b3a38b2bd824a39f67bd8d2583a8df623b7cc7ef872ad7b83ad1c72582,0,-59.3459025936,-58.9175452692,-54.8097268212,0.428357324407,4.53617577249,0.2,sentence-transformers/all-MiniLM-L6-v2,0.0,,ablation/WikiMIA/WikiMIA_length32/pythia-6.9b/7
7,d4cb4c75be1332486ab0920a5bf1209efbb97437f34f0e59a62420a623541d01,1,-45.0486257292,-40.2489193757,-42.061649715,4.79970635347,2.9869760142,0.2,sentence-transformers/all-MiniLM-L6-v2,0.0,,ablation/WikiMIA/WikiMIA_length32/pythia-6.9b/7
7,2cc5d621b0ba1fe6cac2b604b93c8826fc89cef1bcae9c543f97b1c51e5eb2f3,0,-65.8369306982,-68.8286239362,-62.3682862555,-2.99169323795,3.46864444277,0.2,sentence-transformers/all-MiniLM-L6-v2,0.0,,ablation/WikiMIA/WikiMIA_length32/pythia-6.9b/7
7,5295972027cbe7436ed637431aa35f742aecbf5677f4586710b95c827aea45ba,1,-55.6828740012,-56.4354624031,-56.3757728597,-0.752588401901,-0.692898858407,0.2,sentence-transformers/all-MiniLM-L6-v2,0.0,,ablation/WikiMIA/WikiMIA_length32/pythia-6.9b/7
7,bec9ab0e34a1a4ce25dfb1e877994349560c1fa350436b28e67ae00079bd1b1e,0,-58.5063105666,-57.5411791878,-55.2923917775,0.965131378736,3.21391878905,0.2,sentence-transformers/all-MiniLM-L6-v2,0.0,,ablation/WikiMIA/WikiMIA_length32/pythia-6.9b/7
7,f5a8f61201dad8eac71cfac19583a77ab8c5a90da5e0bddb2b65d6e87694bfa2,1,-35.9535743923,-33.4979766435,-36.9480826453,2.45559774885,-0.994508252993,0.2,sentence-transformers/all-MiniLM-L6-v2,0.0,,ablation/WikiMIA/WikiMIA_length32/pythia-6.9b/7
7,87a1654307cc94e41ef97ecf4c2b524f0f92aac57f39f663d8d5057cd86e3a5b,0,-46.5932617719,-42.1851718798,-45.9072995398,4.4080898921,0.68596223212,0.2,sentence-transformers/all-MiniLM-L6-v2,0.0,,ablation/WikiMIA/WikiMIA_length32/pythia-6.9b/7
7,3d2028f58c2ab4bbc3a822f1dede1c624b34c13e4c5d3864b9a4373d0520d63a,1,-45.3483940295,-42.1263660942,-42.704529413,3.2220279353,2.64386461652,0.2,sentence-transformers/all-MiniLM-L6-v2,0.0,,ablation/WikiMIA/WikiMIA_length32/pythia-6.9b/7
7,644c78e8280abe6deb6584d2d2a6e7959a120a1b9a374060afe3f4050d09a95c,0,-74.7957800507,-70.2819581712,-81.668012307,4.51382187955,-6.87223225627,0.2,sentence-transformers/all-MiniLM-L6-v2,0.0,,ablation/WikiMIA/WikiMIA_length32/pythia-6.9b/7
7,5109e94f31220a643a3660974923dd42007184244a062af623c9b4a5f632d9a8,1,-48.5242235657,-48.6039787831,-51.5893825211,-0.0797552173822,-3.06515895541,0.2,sentence-transformers/all-MiniLM-L6-v2,0.0,,ablation/WikiMIA/WikiMIA_length32/pythia-6.9b/7
7,fbc77ba44b335ae1ac505c74746b51bb82cf1670bfcf932e8dd0a63963fdac31,0,-66.9597734013,-67.331448134,-65.3719054844,-0.371674732746,1.58786791694,0.2,sentence-transformers/all-MiniLM-L6-v2,0.0,,ablation/WikiMIA/WikiMIA_length32/pythia-6.9b/7
7,fb46e9e4057a76985fc4b3cb4371f86d2f52d1cb6cf32f74ada4cc589015404e,1,-43.0594429429,-42.2848229656,-45.1913184935,0.774619977288,-2.13187555056,0.2,sentence-transformers/all-MiniLM-L6-v2,0.0,,ablation/WikiMIA/WikiMIA_length32/pythia-6.9b/7
7,3192c00f9525a48ba5f1b12318ed4f74fdb61aef9517da1bc7128c880f25c27e,0,-58.6140023103,-48.4367658902,-47.0845654882,10.1772364201,11.5294368221,0.2,sentence-transformers/all-MiniLM-L6-v2,0.0,,ablation/WikiMIA/WikiMIA_length32/pythia-6.9b/7
7,df44f7e79bec53045ff8c6b727811e449585c1a5b276ae34c3b9c008b46ea1ea,1,-62.4231670906,-56.185490838,-58.560727515,6.23767625264,3.86243957557,0.2,sentence-transformers/all-MiniLM-L6-v2,0.0,,ablation/WikiMIA/WikiMIA_length32/pythia-6.9b/7
7,61a097bd3247969f4481168e2916bcc07b4fde4a2c5edefb4e2c8bcaec6a6187,0,-53.8806479304,-49.2985688946,-47.9427804444,4.58207903578,5.93786748597,0.2,sentence-transformers/all-MiniLM-L6-v2,0.0,,ablation/WikiMIA/WikiMIA_length32/pythia-6.9b/7
7,97c0fb1ffafc206703b9c06eb225b430e6077875581ab842dececd8aac2201fc,1,-55.6451095543,-50.0139194953,-52.1533458145,5.63119005904,3.49176373981,0.2,sentence-transformers/all-MiniLM-L6-v2,0.0,,ablation/WikiMIA/WikiMIA_length32/pythia-6.9b/7
7,2ee400ebd0dbf7929f498e2e5aa3f0d133bd4cc0a5af03033aeac9b39cb72bdb,0,-52.3732305281,-48.8329950274,-53.0168097407,3.54023550074,-0.643579212566,0.2,sentence-transformers/all-MiniLM-L6-v2,0.0,,ablation/WikiMIA/WikiMIA_length32/pythia-6.9b/7
7,2e34566887a8a2f3ab899e573ab393ac99cd8280b0e61d2342e0f9f1f5dd09a2,1,-55.1246054123,-41.7509267529,-45.9880496832,13.3736786594,9.13655572912,0.2,sentence-transformers/all-MiniLM-L6-v2,0.0,,ablation/WikiMIA/WikiMIA_length32/pythia-6.9b/7
7,1f76ab985f4d31743d2685292b4b68e44ab4ddc73b2671c8266a9784b1fc0d01,0,-61.1732341607,-59.7272586661,-56.2191299567,1.4459754946,4.95410420394,0.2,sentence-transformers/all-MiniLM-L6-v2,0.0,,ablation/WikiMIA/WikiMIA_length32/pythia-6.9b/7
7,d2902d48e417251c8106433583ac11edf004914bdc1033e60682f2774aa36973,1,-42.8898592186,-41.6700473706,-44.6080757385,1.21981184796,-1.71821651997,0.2,sentence-transformers/all-MiniLM-L6-v2,0.0,,ablation/WikiMIA/WikiMIA_length32/pythia-6.9b/7
7,c852a9e2f84563f578044a0887bc9f3fb849389ba387a2f66a0474da86fa649f,0,-63.6980262372,-57.6677111672,-58.4164817381,6.03031506999,5.28154449913,0.2,sentence-transformers/all-MiniLM-L6-v2,0.0,,ablation/WikiMIA/WikiMIA_length32/pythia-6.9b/7
7,b3a2446e9d4edef8edd4c75c1f86b34de033185fdf9e74af9d7427b267d90e24,1,-48.181234885,-43.3793320435,-46.9131566958,4.80190284145,1.26807818913,0.2,sentence-transformers/all-MiniLM-L6-v2,0.0,,ablation/WikiMIA/WikiMIA_length32/pythia-6.9b/7
7,6a8c828b00cdf2ad3ee65c520b64cc6bf478f3e69a48441a0b33a73c829f3fc4,0,-53.0219587784,-52.6826277775,-50.7466716516,0.339331000958,2.27528712685,0.2,sentence-transformers/all-MiniLM-L6-v2,0.0,,ablation/WikiMIA/WikiMIA_length32/pythia-6.9b/7
7,aec6a23201a082281e000f296330eb672718a6f6cb6764aa6e1ad06a9bd274ef,1,-35.2862471115,-29.6380779892,-32.0408766491,5.64816912228,3.24537046247,0.2,sentence-transformers/all-MiniLM-L6-v2,0.0,,ablation/WikiMIA/WikiMIA_length32/pythia-6.9b/7
7,14acf395970b1a155d266554e00e6591d4a34d39207a28abe3de8b1b4e1a86e0,0,-50.3370902873,-43.8752829522,-40.2919477292,6.46180733505,10.0451425581,0.2,sentence-transformers/all-MiniLM-L6-v2,0.0,,ablation/WikiMIA/WikiMIA_length32/pythia-6.9b/7
7,b265b4b83d9e9c72cbfd66bb12a10880799286940d46b70f44fa98e38880ef04,1,-71.365425098,-71.3415311224,-73.4607688031,0.0238939755719,-2.09534370517,0.2,sentence-transformers/all-MiniLM-L6-v2,0.0,,ablation/WikiMIA/WikiMIA_length32/pythia-6.9b/7
7,d466396bffce7f88ee3b57468e5b291bfeff59f1d058402aa9e27768c92e92d3,0,-53.5280721658,-56.7090113723,-56.316946397,-3.18093920646,-2.78887423112,0.2,sentence-transformers/all-MiniLM-L6-v2,0.0,,ablation/WikiMIA/WikiMIA_length32/pythia-6.9b/7
7,bb71c68440df6fb74f95eedeabb3472c95379f94192e52b5d667a16f2b68f4be,1,-33.2219193903,-29.1942184653,-35.8628338941,4.02770092505,-2.64091450377,0.2,sentence-transformers/all-MiniLM-L6-v2,0.0,,ablation/WikiMIA/WikiMIA_length32/pythia-6.9b/7
7,2af7c022d5f0306f74b83b7436e59cc709a1da66b48e9e0d2e7a926c12e87e55,0,-63.709368702,-56.1946799594,-57.3659044173,7.51468874265,6.34346428467,0.2,sentence-transformers/all-MiniLM-L6-v2,0.0,,ablation/WikiMIA/WikiMIA_length32/pythia-6.9b/7
7,07f3a0159bd6025da9008dda0cc0a9a5be285c12e2754bad835eb15f5b4e4637,1,-67.3662316024,-58.7958097359,-63.8187485172,8.57042186655,3.54748308527,0.2,sentence-transformers/all-MiniLM-L6-v2,0.0,,ablation/WikiMIA/WikiMIA_length32/pythia-6.9b/7
7,01a3e97e97efb27bb73ac653dc9e6d2a282068f87ed4dd5cd505b58d4c252a24,0,-52.5900393336,-52.3860041658,-49.0955757398,0.204035167762,3.49446359384,0.2,sentence-transformers/all-MiniLM-L6-v2,0.0,,ablation/WikiMIA/WikiMIA_length32/pythia-6.9b/7
7,90c705f7a396f75c6df4c546fa1734718058db0cd40e93c21efd65b3d555bbb1,1,-52.1770930465,-50.2335751638,-50.6777939064,1.94351788268,1.49929914007,0.2,sentence-transformers/all-MiniLM-L6-v2,0.0,,ablation/WikiMIA/WikiMIA_length32/pythia-6.9b/7
7,f82831a0c10cd56c2a17c26b08b4a5822fcd416ac5eaeed4229e421bfc7471fd,0,-67.5735546848,-67.1068848862,-66.8007134401,0.466669798567,0.772841244707,0.2,sentence-transformers/all-MiniLM-L6-v2,0.0,,ablation/WikiMIA/WikiMIA_length32/pythia-6.9b/7
7,91448ac9547fe1b1101336400a8b90379ff2b54af95e7f072f890dfdd25a8514,1,-45.7682096153,-39.6616469835,-44.8199482079,6.10656263181,0.948261407378,0.2,sentence-transformers/all-MiniLM-L6-v2,0.0,,ablation/WikiMIA/WikiMIA_length32/pythia-6.9b/7
7,3d0e9a928b28880da8b99795f0038b860a3a13e94edbb8be283181b66590be27,0,-54.035540569,-55.0037481729,-53.8034983721,-0.968207603979,0.232042196888,0.2,sentence-transformers/all-MiniLM-L6-v2,0.0,,ablation/WikiMIA/WikiMIA_length32/pythia-6.9b/7
7,8ad06555023a7e6dd9699f44dc0603bc6532c400eba44b9613989a470a7f99fd,1,-73.0455225621,-67.4665259433,-79.088711299,5.57899661877,-6.04318873697,0.2,sentence-transformers/all-MiniLM-L6-v2,0.0,,ablation/WikiMIA/WikiMIA_length32/pythia-6.9b/7
7,2302c1c534c4de60994a1893e16667929a647dc247d7fbb4d4dd2a7d8c071ac9,0,-70.0398167018,-69.1831025853,-68.6096458006,0.856714116528,1.43017090121,0.2,sentence-transformers/all-MiniLM-L6-v2,0.0,,ablation/WikiMIA/WikiMIA_length32/pythia-6.9b/7
7,bdc7d1110607c05598781d5b06bdb7041f03feef73c674f43d017b8c5888fd12,1,-41.0966545697,-35.4025528946,-40.1568852184,5.69410167507,0.93976935128,0.2,sentence-transformers/all-MiniLM-L6-v2,0.0,,ablation/WikiMIA/WikiMIA_length32/pythia-6.9b/7
7,731a0090f1266906f8bc0632497e078c08722f957d970e56a93dcb14bfb33234,0,-55.6686747281,-56.501501655,-52.6175076386,-0.832826926975,3.05116708943,0.2,sentence-transformers/all-MiniLM-L6-v2,0.0,,ablation/WikiMIA/WikiMIA_length32/pythia-6.9b/7
7,03506a562d411189f8fd56c913bb8a47cf7d945bfefbc0e159780960dbdb2f83,1,-25.0384211029,-27.2129240866,-30.7029414599,-2.17450298376,-5.66452035698,0.2,sentence-transformers/all-MiniLM-L6-v2,0.0,,ablation/WikiMIA/WikiMIA_length32/pythia-6.9b/7
7,2b625920b444aa6e5d4afe74f43c770442f1acd30dfd70ea2a9c6a1312d8a290,0,-53.9418886685,-53.8458860213,-49.9988173672,0.0960026472845,3.94307130134,0.2,sentence-transformers/all-MiniLM-L6-v2,0.0,,ablation/WikiMIA/WikiMIA_length32/pythia-6.9b/7
7,7384e1ab0d119d7aea8f4028402cc52003b940d903e4f97710ae00fada8f6ed9,1,-41.9743591048,-43.6394557891,-46.5179139539,-1.66509668426,-4.54355484908,0.2,sentence-transformers/all-MiniLM-L6-v2,0.0,,ablation/WikiMIA/WikiMIA_length32/pythia-6.9b/7
7,831d542e2dc7fe59b07f744e569294f0cd42d51bad8568aeaec14d0560da87c1,0,-58.1622713259,-61.2877133304,-61.9690299716,-3.12544200456,-3.80675864575,0.2,sentence-transformers/all-MiniLM-L6-v2,0.0,,ablation/WikiMIA/WikiMIA_length32/pythia-6.9b/7
7,9393030b4aa00b4e6045bdad449657dd21517e3db18b677290bdb27d46e24398,1,-48.4288265215,-49.2081503936,-61.2030510023,-0.779323872092,-12.7742244808,0.2,sentence-transformers/all-MiniLM-L6-v2,0.0,,ablation/WikiMIA/WikiMIA_length32/pythia-6.9b/7
7,651baa9dcb46d190d5c512f8c796e6d5b5bc7559e021b15c13124e6e5099be82,0,-69.4536862246,-68.8825437487,-67.8286318369,0.571142475913,1.62505438768,0.2,sentence-transformers/all-MiniLM-L6-v2,0.0,,ablation/WikiMIA/WikiMIA_length32/pythia-6.9b/7
7,b5acdc4856c8b14fba84b53182dca2364f0f15d40988c06663e68c5e7099ad32,1,-45.9849729456,-42.3402197069,-45.4394836221,3.64475323864,0.545489323469,0.2,sentence-transformers/all-MiniLM-L6-v2,0.0,,ablation/WikiMIA/WikiMIA_length32/pythia-6.9b/7
7,08c1b56ab0f7a840d42d67c6aedc01a541cb4eb60f56037a518a3fe2d1aab6d6,0,-67.1099126926,-60.2483860752,-62.0099949957,6.86152661734,5.09991769683,0.2,sentence-transformers/all-MiniLM-L6-v2,0.0,,ablation/WikiMIA/WikiMIA_length32/pythia-6.9b/7
7,cd51982cedc2aec098f1736f011953f87e8af809eeb96c0dae712434137f4839,1,-40.2573367069,-33.9424046132,-35.7612066749,6.31493209374,4.496130032,0.2,sentence-transformers/all-MiniLM-L6-v2,0.0,,ablation/WikiMIA/WikiMIA_length32/pythia-6.9b/7
7,df15a413909aa5b3da6e84da6c667b93fb8119707a1ccc1ef91ff13cfc57550d,0,-61.7958242773,-61.758192523,-57.6208530921,0.037631754337,4.17497118519,0.2,sentence-transformers/all-MiniLM-L6-v2,0.0,,ablation/WikiMIA/WikiMIA_length32/pythia-6.9b/7
7,6879a2d0827b22f19810a723407f1b10ae13059626fe638f8e01cd3e3209ce4c,1,-44.9376015561,-48.8318979376,-48.294806039,-3.8942963815,-3.35720448288,0.2,sentence-transformers/all-MiniLM-L6-v2,0.0,,ablation/WikiMIA/WikiMIA_length32/pythia-6.9b/7
7,f6794131d7754e072c4d33c22459d3cf1a312e1e03f05d1723afb8eb00373db2,0,-49.1136447231,-46.1861405326,-44.5659185359,2.92750419052,4.54772618724,0.2,sentence-transformers/all-MiniLM-L6-v2,0.0,,ablation/WikiMIA/WikiMIA_length32/pythia-6.9b/7
7,f7edd49a3259838a2a874f52ad705d2d55cca5058c36e0a707d12906f678116c,1,-66.7793002892,-61.1016826259,-63.5539214085,5.67761766325,3.22537888065,0.2,sentence-transformers/all-MiniLM-L6-v2,0.0,,ablation/WikiMIA/WikiMIA_length32/pythia-6.9b/7
7,4c41e13b14751bf7102790bb122754b769674cde7506f51e8fcf5dca9bcd4993,0,-48.9839526751,-48.5792323284,-42.4343093105,0.404720346706,6.54964336454,0.2,sentence-transformers/all-MiniLM-L6-v2,0.0,,ablation/WikiMIA/WikiMIA_length32/pythia-6.9b/7
7,26654f067c47bbd0ef95d0cabd430fcff7e9967b4a1c53125e9e35cd69a7a0b6,1,-25.6499157968,-20.5980023457,-26.2372012225,5.05191345112,-0.587285425747,0.2,sentence-transformers/all-MiniLM-L6-v2,0.0,,ablation/WikiMIA/WikiMIA_length32/pythia-6.9b/7
7,f48c9798b3abfe636aeffe60355649aa0045271aa1a472c0a4ae8fb84d538ea5,0,-47.4195288924,-50.3505863954,-41.3386638509,-2.93105750304,6.0808650415,0.2,sentence-transformers/all-MiniLM-L6-v2,0.0,,ablation/WikiMIA/WikiMIA_length32/pythia-6.9b/7
7,c024f1a711df6cd2c7b82b7c984ddee350f30856332d44a965ae63017c35f397,1,-37.6159944302,-40.7934951995,-50.3846589172,-3.17750076927,-12.7686644869,0.2,sentence-transformers/all-MiniLM-L6-v2,0.0,,ablation/WikiMIA/WikiMIA_length32/pythia-6.9b/7
7,674b3e0bf840fa3146c483cc67385b7ee617929412b438802f6ca32d6acfe788,0,-62.7991810469,-63.887973975,-59.4005071176,-1.08879292813,3.39867392933,0.2,sentence-transformers/all-MiniLM-L6-v2,0.0,,ablation/WikiMIA/WikiMIA_length32/pythia-6.9b/7
7,816c3afff58ea1d06c06d5f9d09f8fd0c084c7d144c58d5fd2dbe696aac5d456,1,-54.024620638,-50.2671069273,-56.5201366701,3.75751371065,-2.49551603211,0.2,sentence-transformers/all-MiniLM-L6-v2,0.0,,ablation/WikiMIA/WikiMIA_length32/pythia-6.9b/7
7,def3054ac7148c401902eeb9627f677a614a410bb5ac3b608f759fc078ca1779,0,-42.0460538006,-44.1551587337,-41.3884591205,-2.10910493306,0.657594680177,0.2,sentence-transformers/all-MiniLM-L6-v2,0.0,,ablation/WikiMIA/WikiMIA_length32/pythia-6.9b/7
7,7a99da5de32178696939d619eed2f1d8c59219a51bce5db24670adcdab552dc3,1,-55.9969496001,-53.1020237804,-61.6908482522,2.89492581967,-5.69389865216,0.2,sentence-transformers/all-MiniLM-L6-v2,0.0,,ablation/WikiMIA/WikiMIA_length32/pythia-6.9b/7
7,cbd7fe5bf8703a0c3de5086f8ce20ac0f539a648d308fc7a7055598b16d649ad,0,-33.6292957986,-35.603854293,-33.1764894361,-1.97455849447,0.452806362437,0.2,sentence-transformers/all-MiniLM-L6-v2,0.0,,ablation/WikiMIA/WikiMIA_length32/pythia-6.9b/7
7,771fa306c702088f83c7b0cb19477e14644c5063650c8758a753ab8a84dac194,1,-35.4086038756,-35.7300292283,-37.753554476,-0.321425352741,-2.34495060042,0.2,sentence-transformers/all-MiniLM-L6-v2,0.0,,ablation/WikiMIA/WikiMIA_length32/pythia-6.9b/7
7,14c2c0c5669d88859c271957a68df69a93aaf8dc295ba878075cabea149c27b4,0,-53.6444531942,-52.4717774754,-50.3202065487,1.17267571875,3.32424664552,0.2,sentence-transformers/all-MiniLM-L6-v2,0.0,,ablation/WikiMIA/WikiMIA_length32/pythia-6.9b/7
7,fc3720e2f59f92e1990490fb4e4d662d8522f1a5f50d6d31a66f4e5ab972f63c,1,-72.0462103727,-66.9750986697,-75.3272804141,5.07111170301,-3.28107004131,0.2,sentence-transformers/all-MiniLM-L6-v2,0.0,,ablation/WikiMIA/WikiMIA_length32/pythia-6.9b/7
7,6b057f8a23466a6042364f15fffb2ab8c70a30534bb14b9b9e75d7a96ca70556,0,-46.6291243043,-49.4066475383,-46.2926465458,-2.77752323398,0.336477758531,0.2,sentence-transformers/all-MiniLM-L6-v2,0.0,,ablation/WikiMIA/WikiMIA_length32/pythia-6.9b/7
7,98473af81c9223fde21893be7a404e99769647b9e28e3bfaa2259157693982a1,1,-50.5871176231,-41.6069555298,-49.3224900932,8.98016209331,1.26462752986,0.2,sentence-transformers/all-MiniLM-L6-v2,0.0,,ablation/WikiMIA/WikiMIA_length32/pythia-6.9b/7
7,d3203dde00d673c55359377c2fc2f74df8c2eca22118e91113c93a311a0f9418,0,-35.1939871425,-33.7825905283,-30.067162723,1.41139661427,5.12682441951,0.2,sentence-transformers/all-MiniLM-L6-v2,0.0,,ablation/WikiMIA/WikiMIA_length32/pythia-6.9b/7
7,e5ae55e62ccbd05c7da90a94fdf2444e4607a0dc8c3a4a24dfc01e7742f88630,1,-71.8887385975,-68.3770469266,-70.9539807927,3.51169167095,0.934757804819,0.2,sentence-transformers/all-MiniLM-L6-v2,0.0,,ablation/WikiMIA/WikiMIA_length32/pythia-6.9b/7
7,4958486d98073dc3e3428fb1a9ca72bc616bd0220a1a4cb14a57ac91ae8bdcfc,0,-55.9373640345,-52.4620299333,-53.5480943871,3.4753341012,2.38926964737,0.2,sentence-transformers/all-MiniLM-L6-v2,0.0,,ablation/WikiMIA/WikiMIA_length32/pythia-6.9b/7
7,d1074a6bc45a6f5be1e3a6dc2ffc7e1ab389830a01b9b76d49dcebcb98d20b30,1,-65.9035409217,-64.7965225508,-66.1080927662,1.10701837084,-0.204551844513,0.2,sentence-transformers/all-MiniLM-L6-v2,0.0,,ablation/WikiMIA/WikiMIA_length32/pythia-6.9b/7
7,77cd2dcaef485e25b8f90c0c56e5161cc4ebaae48e7a8ae087a5a5c11e7b766d,0,-65.9388227215,-64.4929226728,-70.0872026495,1.44590004863,-4.14837992803,0.2,sentence-transformers/all-MiniLM-L6-v2,0.0,,ablation/WikiMIA/WikiMIA_length32/pythia-6.9b/7
7,aa55d9c0caa3899f18772f4473725221b51b8eba903b00a18c4f407c72664aea,1,-47.8549137616,-47.1812000743,-51.6613626071,0.673713687284,-3.80644884552,0.2,sentence-transformers/all-MiniLM-L6-v2,0.0,,ablation/WikiMIA/WikiMIA_length32/pythia-6.9b/7
7,80fda8657384a0bbcb77a6936db6d3cbbdf9b2abc4cbbab3ff370389e345ca08,0,-62.7251704801,-65.4101584945,-59.2945638951,-2.68498801447,3.43060658499,0.2,sentence-transformers/all-MiniLM-L6-v2,0.0,,ablation/WikiMIA/WikiMIA_length32/pythia-6.9b/7
7,f9825d846a1a4b4f975341495d43a1637509c03494bcf9169ea903e1ef5fd71a,1,-48.9222368885,-40.6146997142,-45.5524158398,8.30753717427,3.36982104865,0.2,sentence-transformers/all-MiniLM-L6-v2,0.0,,ablation/WikiMIA/WikiMIA_length32/pythia-6.9b/7
7,aa61fd6cee2161ffe9b33ec77e8dc059f302b156d6639a47e9ca3a7219b277b5,0,-62.1129753407,-58.8091019718,-56.8341271498,3.30387336885,5.27884819089,0.2,sentence-transformers/all-MiniLM-L6-v2,0.0,,ablation/WikiMIA/WikiMIA_length32/pythia-6.9b/7
7,5ec49fe7cbff3a412661fa26db40a7dcaf1eafaad3e160b11c8cd75d67e91b7d,1,-62.6310636837,-57.4971724362,-62.240344592,5.13389124756,0.390719091712,0.2,sentence-transformers/all-MiniLM-L6-v2,0.0,,ablation/WikiMIA/WikiMIA_length32/pythia-6.9b/7
7,e0e5bd11ee5dcdcb47ffcc5040a56f24c6c1ac4b98c4f33dd34b2419a4f805ef,0,-52.7758142121,-50.5623303954,-50.1860547179,2.21348381665,2.58975949418,0.2,sentence-transformers/all-MiniLM-L6-v2,0.0,,ablation/WikiMIA/WikiMIA_length32/pythia-6.9b/7
7,6a20c908df0eaad0deb6d239f980031673e59d1830c5a735502d243837974bbc,1,-42.2688220643,-36.3841320234,-41.5513752498,5.88469004086,0.717446814492,0.2,sentence-transformers/all-MiniLM-L6-v2,0.0,,ablation/WikiMIA/WikiMIA_length32/pythia-6.9b/7
7,331d9306a6ce13e3946377069998c0e12d5bdefb7556eb2f328e9419088efd74,0,-42.6770718869,-38.6583248825,-40.2742674826,4.01874700442,2.40280440437,0.2,sentence-transformers/all-MiniLM-L6-v2,0.0,,ablation/WikiMIA/WikiMIA_length32/pythia-6.9b/7
7,8f9e8b5b4c126a82868230c0780da7c7a0113107370ee7834137d9ac6b89b807,1,-50.2752330771,-48.0085388049,-53.9157691417,2.26669427213,-3.64053606459,0.2,sentence-transformers/all-MiniLM-L6-v2,0.0,,ablation/WikiMIA/WikiMIA_length32/pythia-6.9b/7
7,88563d8c9d36dfde15b11d30df96a01f973d1087db76d90e9bd2569cb6f44514,0,-54.4465880031,-48.9739645107,-48.3227018505,5.47262349238,6.12388615264,0.2,sentence-transformers/all-MiniLM-L6-v2,0.0,,ablation/WikiMIA/WikiMIA_length32/pythia-6.9b/7
7,c779008415423998f03687590115bb374029e9421e5d7f1ee8efedcb26a8c68e,1,-46.9575923468,-41.4492135859,-48.3855082749,5.5083787609,-1.42791592814,0.2,sentence-transformers/all-MiniLM-L6-v2,0.0,,ablation/WikiMIA/WikiMIA_length32/pythia-6.9b/7
7,b4b1b8c2b5d6404c6082082297faf6c9c8ca4deb2cc268b0b62085d84585d005,0,-43.8231891561,-39.6267100177,-37.9130582261,4.19647913844,5.91013093005,0.2,sentence-transformers/all-MiniLM-L6-v2,0.0,,ablation/WikiMIA/WikiMIA_length32/pythia-6.9b/7
7,921a562b3913ac78f87b6013e714b0dedeb8af561d9179e9517de15e1a00d0cc,1,-53.0441729,-50.7722607996,-54.901524663,2.27191210033,-1.857351763,0.2,sentence-transformers/all-MiniLM-L6-v2,0.0,,ablation/WikiMIA/WikiMIA_length32/pythia-6.9b/7
7,1a5bb357786fccbd4db3553791e9b258533f1d4d8a39bafa274fa6b38ca3a6f0,0,-64.0219414869,-63.6781785255,-60.6943302634,0.343762961383,3.32761122343,0.2,sentence-transformers/all-MiniLM-L6-v2,0.0,,ablation/WikiMIA/WikiMIA_length32/pythia-6.9b/7
7,2b5ad5f25a021440b6c1ca4150e33f68fa47910034e0d1e9641b28fc35608338,1,-59.8209830829,-56.2187291611,-58.1091289812,3.60225392184,1.7118541017,0.2,sentence-transformers/all-MiniLM-L6-v2,0.0,,ablation/WikiMIA/WikiMIA_length32/pythia-6.9b/7
7,0511ea65f73f4d47b00092c7331ccb095fe99d3b70b3b3152fe7c683898136cc,0,-52.0543617437,-43.6985791571,-42.7917846133,8.35578258662,9.26257713042,0.2,sentence-transformers/all-MiniLM-L6-v2,0.0,,ablation/WikiMIA/WikiMIA_length32/pythia-6.9b/7
7,13d2dbf7dbd756b35d8ad07346d4983f24c235374945ef67c5a1d405a2d20ae8,1,-40.1312841415,-33.6196602002,-38.257724704,6.5116239413,1.87355943749,0.2,sentence-transformers/all-MiniLM-L6-v2,0.0,,ablation/WikiMIA/WikiMIA_length32/pythia-6.9b/7
7,f9d4495cdc3b643251e568ac51e977d251cf12bd9f4d2c8a031b619b0203d5ca,0,-75.2849227692,-69.4891858413,-71.1596240327,5.79573692796,4.12529873659,0.2,sentence-transformers/all-MiniLM-L6-v2,0.0,,ablation/WikiMIA/WikiMIA_length32/pythia-6.9b/7
7,077135fd54c62cf6ae14e277b201e8af05356cf57af21e3fbcd31c9e8a9c72e1,1,-62.1905449132,-58.2777418176,-60.888069836,3.91280309553,1.30247507719,0.2,sentence-transformers/all-MiniLM-L6-v2,0.0,,ablation/WikiMIA/WikiMIA_length32/pythia-6.9b/7
7,15dc8670321cc7bac15ac74f6eb18dcaba8274c40a9afa2a142e5f6f57b4cd3f,0,-55.2330936178,-53.2654482785,-47.1903557613,1.96764533931,8.04273785653,0.2,sentence-transformers/all-MiniLM-L6-v2,0.0,,ablation/WikiMIA/WikiMIA_length32/pythia-6.9b/7
7,1b89535cfe909725be8fa64533bd079d5b8a6568a2a20f12e510a104e6a9a9af,1,-71.6044405349,-66.3026526664,-69.991379835,5.3017878685,1.61306069986,0.2,sentence-transformers/all-MiniLM-L6-v2,0.0,,ablation/WikiMIA/WikiMIA_length32/pythia-6.9b/7
7,83e0fd1acb64fadb9a9820c8dc9adde690e9dd7c5d9a3053c5c18ef3c6b11684,0,-55.3366131823,-55.676113683,-51.318911296,-0.33950050074,4.0177018863,0.2,sentence-transformers/all-MiniLM-L6-v2,0.0,,ablation/WikiMIA/WikiMIA_length32/pythia-6.9b/7
7,2583fa7876996c44090ecfc09da5541c226e88ad82ba3c12fc2a8bdef3d15ef9,1,-57.3911267169,-50.7779831155,-56.1772854764,6.61314360139,1.21384124052,0.2,sentence-transformers/all-MiniLM-L6-v2,0.0,,ablation/WikiMIA/WikiMIA_length32/pythia-6.9b/7
7,eaab64f47de9d8ba047a822ce0cfdc3350e55b1cbbf3d2504381f95b924d7c85,0,-53.1477163158,-48.7333187342,-47.949536191,4.41439758157,5.19818012478,0.2,sentence-transformers/all-MiniLM-L6-v2,0.0,,ablation/WikiMIA/WikiMIA_length32/pythia-6.9b/7
7,481ee692b1323edd51a5d3b7dfd2f88889c591c86c4047c7afc5c3a38735ab7f,1,-62.2121505794,-55.0880561968,-57.6805388813,7.12409438259,4.53161169806,0.2,sentence-transformers/all-MiniLM-L6-v2,0.0,,ablation/WikiMIA/WikiMIA_length32/pythia-6.9b/7
7,00c9191c98e83c5b3c4365a816cc3daed3380d1f576713a11fc64ad10881fe16,0,-75.8270214469,-74.1126645916,-71.7753167651,1.71435685528,4.05170468176,0.2,sentence-transformers/all-MiniLM-L6-v2,0.0,,ablation/WikiMIA/WikiMIA_length32/pythia-6.9b/7
7,2cb9672a97ea3382d42625e76ca1ae73770dc037d8d3dd4e2dc975fdffd8afce,1,-44.7678037577,-41.4030987187,-41.6260609677,3.36470503901,3.14174279,0.2,sentence-transformers/all-MiniLM-L6-v2,0.0,,ablation/WikiMIA/WikiMIA_length32/pythia-6.9b/7
7,dee99ba7412e0ec6ebd3ed52078e21d25f937b8e58fe70ef43bbb6f2bfe129d9,0,-53.6095532404,-51.0376070557,-50.6743918009,2.57194618462,2.93516143949,0.2,sentence-transformers/all-MiniLM-L6-v2,0.0,,ablation/WikiMIA/WikiMIA_length32/pythia-6.9b/7
7,0746c575c998cf5efef79e052aa973db0c03869f9c3be3be1dbb829b4be00c69,1,-53.0035653982,-46.2501075543,-48.6007827791,6.75345784391,4.40278261908,0.2,sentence-transformers/all-MiniLM-L6-v2,0.0,,ablation/WikiMIA/WikiMIA_length32/pythia-6.9b/7
7,9bb5f2473568849cff13cf80bc0b323a40996fbc55907e012d41e0b66a2a39c9,0,-31.2737013842,-24.8351432264,-27.9857779526,6.4385581578,3.28792343158,0.2,sentence-transformers/all-MiniLM-L6-v2,0.0,,ablation/WikiMIA/WikiMIA_length32/pythia-6.9b/7
7,6d35c2518c4dc5777c3f2fca3db43b987b9efbce3d1ffe08677b82d79e6c043b,1,-57.8443580408,-53.458294224,-55.5292294012,4.38606381682,2.3151286396,0.2,sentence-transformers/all-MiniLM-L6-v2,0.0,,ablation/WikiMIA/WikiMIA_length32/pythia-6.9b/7
7,d0d4097053ffb1ed16d4b3ff0ad88d7712a658bcdf32571bbdaf700396438ef8,0,-56.7703778032,-56.5798666497,-53.1674325197,0.190511153454,3.60294528345,0.2,sentence-transformers/all-MiniLM-L6-v2,0.0,,ablation/WikiMIA/WikiMIA_length32/pythia-6.9b/7
7,fa2bbcc86cdbe552c88228de3f33dfd106bf96664dec9b0f0fe3da773d5af594,1,-56.3147419573,-55.0520827983,-55.2031080047,1.26265915909,1.11163395264,0.2,sentence-transformers/all-MiniLM-L6-v2,0.0,,ablation/WikiMIA/WikiMIA_length32/pythia-6.9b/7
7,ccd940d6330e808ade9ec6dbe6c10b3fd479ef2d7f538dcb4303452981be2c62,0,-55.2893797738,-50.3408840097,-48.4621281741,4.9484957641,6.82725159977,0.2,sentence-transformers/all-MiniLM-L6-v2,0.0,,ablation/WikiMIA/WikiMIA_length32/pythia-6.9b/7
7,e552e63d6abf0433c4c30ea50a2ef17e2586bdb22b71ceaf54e83bfb67542963,1,-50.3818231161,-45.4973569441,-56.0106353082,4.88446617199,-5.62881219214,0.2,sentence-transformers/all-MiniLM-L6-v2,0.0,,ablation/WikiMIA/WikiMIA_length32/pythia-6.9b/7
7,476d298d2e0150b79ad7ba7ed293ce6233f07722f9508e0054fecfc0f9f3edae,0,-74.5588108998,-72.9802666221,-67.3446246127,1.57854427768,7.21418628703,0.2,sentence-transformers/all-MiniLM-L6-v2,0.0,,ablation/WikiMIA/WikiMIA_length32/pythia-6.9b/7
7,c13937fb1ef9b8d12f13b00c03e5599ac4855aa635e9f56e1efe394237c9bbbe,1,-48.6530758975,-48.9951432064,-50.5835102285,-0.342067308834,-1.93043433102,0.2,sentence-transformers/all-MiniLM-L6-v2,0.0,,ablation/WikiMIA/WikiMIA_length32/pythia-6.9b/7
7,aab7146832244ae18eb7a1b0c2a604aa8bf84da72ab36c012e78afc5a71570c3,0,-52.1042077316,-50.7696685499,-46.5531604558,1.33453918168,5.5510472758,0.2,sentence-transformers/all-MiniLM-L6-v2,0.0,,ablation/WikiMIA/WikiMIA_length32/pythia-6.9b/7
7,98f1a37b6b349fff24098e19eb673c30e12a12481e0218b80216accf3ce3a432,1,-41.5230676395,-41.7413155137,-40.0549866661,-0.218247874159,1.46808097343,0.2,sentence-transformers/all-MiniLM-L6-v2,0.0,,ablation/WikiMIA/WikiMIA_length32/pythia-6.9b/7
7,92f83def5a4433777419cbb29ba6790086efdd0a31dbee24b02913307d4f5d74,0,-69.2393899278,-65.8467782552,-64.763418758,3.39261167262,4.47597116983,0.2,sentence-transformers/all-MiniLM-L6-v2,0.0,,ablation/WikiMIA/WikiMIA_length32/pythia-6.9b/7
7,fc6b0cd939768b883f687c6b23b065b131d8e490d52b32a258798f1a4d61e840,1,-61.471657548,-60.5490486947,-59.5577040332,0.922608853337,1.91395351481,0.2,sentence-transformers/all-MiniLM-L6-v2,0.0,,ablation/WikiMIA/WikiMIA_length32/pythia-6.9b/7
7,3be618b6b87795102dd53cbfd666aa37e5a5e5af11ee3de8faa593e5dfed7968,0,-56.972401088,-54.0578653002,-50.8543385094,2.9145357878,6.11806257856,0.2,sentence-transformers/all-MiniLM-L6-v2,0.0,,ablation/WikiMIA/WikiMIA_length32/pythia-6.9b/7
7,3e4aa1c5b506a3e8dc255e87f6f851f06ca7cddd22225ff8f0619c2999bf4388,1,-41.2142580502,-39.4149842548,-39.1632226152,1.79927379541,2.05103543505,0.2,sentence-transformers/all-MiniLM-L6-v2,0.0,,ablation/WikiMIA/WikiMIA_length32/pythia-6.9b/7
7,494122870084195223fa07554aed1727b5a225d309e93eb756d8a01b66da193a,0,-32.2916045956,-30.7901769626,-30.9347792933,1.50142763296,1.35682530229,0.2,sentence-transformers/all-MiniLM-L6-v2,0.0,,ablation/WikiMIA/WikiMIA_length32/pythia-6.9b/7
7,c573ccd9bdbf483a8840db826e55b2e71514e1aefb345a32be369e9b9ac3a665,1,-54.4696324573,-60.0332418879,-57.1307917828,-5.56360943061,-2.66115932553,0.2,sentence-transformers/all-MiniLM-L6-v2,0.0,,ablation/WikiMIA/WikiMIA_length32/pythia-6.9b/7
7,0fa14cf088d3c78a21acc21a760058966f09b8c8c8d3edb5d738895acdde5782,0,-54.317133495,-56.0332358538,-54.9945673938,-1.71610235879,-0.67743389875,0.2,sentence-transformers/all-MiniLM-L6-v2,0.0,,ablation/WikiMIA/WikiMIA_length32/pythia-6.9b/7
7,0f2f4622b48b54486c3ca3a26a75c8cd34a331e390ea2a8ad2913e381789d2a8,1,-47.5291324663,-48.9104342724,-53.0049853344,-1.38130180614,-5.47585286807,0.2,sentence-transformers/all-MiniLM-L6-v2,0.0,,ablation/WikiMIA/WikiMIA_length32/pythia-6.9b/7
7,a0decb00b8e551f86ae4c9712637580b523526f9b3c1a3a61091a94bab01029b,0,-57.2677120999,-55.3195156355,-54.9074115939,1.94819646435,2.36030050603,0.2,sentence-transformers/all-MiniLM-L6-v2,0.0,,ablation/WikiMIA/WikiMIA_length32/pythia-6.9b/7
7,8d8a3d42f0a63f2eab6bc028b267ad93c71b9d52187eb488f23d408f08e83209,1,-54.1106217533,-46.7556736018,-53.8212419975,7.35494815155,0.289379755781,0.2,sentence-transformers/all-MiniLM-L6-v2,0.0,,ablation/WikiMIA/WikiMIA_length32/pythia-6.9b/7
7,361a2c0dad863e16987ac072452f0b3d89d78b63445c6d5fc5287ad9063c4c9f,0,-37.1659738713,-34.2423890644,-38.2995174951,2.92358480692,-1.13354362375,0.2,sentence-transformers/all-MiniLM-L6-v2,0.0,,ablation/WikiMIA/WikiMIA_length32/pythia-6.9b/7
7,e49431ff58f066525376462504a9aec3bb95154ce5dd941c7cf147e90038eb1f,1,-54.0053019064,-55.4832938062,-56.2204433315,-1.47799189981,-2.2151414251,0.2,sentence-transformers/all-MiniLM-L6-v2,0.0,,ablation/WikiMIA/WikiMIA_length32/pythia-6.9b/7
7,810316ddde07127021ed48886f4fafadfd505f0c4ff5329c7ab934dddeb8b7c5,0,-51.2495827311,-50.0388668258,-47.8326912904,1.21071590534,3.41689144072,0.2,sentence-transformers/all-MiniLM-L6-v2,0.0,,ablation/WikiMIA/WikiMIA_length32/pythia-6.9b/7
7,cc1bf1187219a8716abaf0bc8cd7547f37ee87c0ebc5a81f490428ea1b7dbf92,1,-42.9726499737,-39.9339671863,-46.2167025959,3.03868278744,-3.24405262222,0.2,sentence-transformers/all-MiniLM-L6-v2,0.0,,ablation/WikiMIA/WikiMIA_length32/pythia-6.9b/7
7,f174473a774bd49fab9d217ad40fcb250cd1f8d27aa8b0b72a404b16f412e892,0,-41.9650342846,-36.7347395981,-35.4762790444,5.23029468652,6.48875524029,0.2,sentence-transformers/all-MiniLM-L6-v2,0.0,,ablation/WikiMIA/WikiMIA_length32/pythia-6.9b/7
7,59b670534738554788af6dd5b4658b2cbf471ad44622f2d53e4ba1be04d3e8c4,1,-56.6738897629,-52.745390165,-55.5402261523,3.92849959787,1.13366361058,0.2,sentence-transformers/all-MiniLM-L6-v2,0.0,,ablation/WikiMIA/WikiMIA_length32/pythia-6.9b/7
7,a5ed00663f8e7013bd5169dccfb2b3e7fa748f9f6dd5a76ffee0905e73fcff42,0,-42.6561727667,-46.4007448682,-44.8705906166,-3.74457210147,-2.21441784985,0.2,sentence-transformers/all-MiniLM-L6-v2,0.0,,ablation/WikiMIA/WikiMIA_length32/pythia-6.9b/7
7,2fc446c696a025afcbeaf629e193ad8408d1b5736ac95458f503b74bca6f7af8,1,-63.646631636,-60.421716058,-63.762141697,3.22491557797,-0.115510061004,0.2,sentence-transformers/all-MiniLM-L6-v2,0.0,,ablation/WikiMIA/WikiMIA_length32/pythia-6.9b/7
7,e77abb2812ecae55563de8436a882520dbc5c8c759db22b84ff2fcc62caac2b1,0,-62.0712998576,-62.4165320454,-59.2686090579,-0.345232187878,2.80269079969,0.2,sentence-transformers/all-MiniLM-L6-v2,0.0,,ablation/WikiMIA/WikiMIA_length32/pythia-6.9b/7
7,da7fa6625a40891b901a2eaeb8046c716f54e5b04f33d7e04b03445aefe22548,1,-82.3928502718,-79.0311102226,-84.2255537192,3.36174004917,-1.83270344739,0.2,sentence-transformers/all-MiniLM-L6-v2,0.0,,ablation/WikiMIA/WikiMIA_length32/pythia-6.9b/7
7,9532b8ef6b06e162c313b8fb2623efb7b24499c87615c38837692ed90877852c,0,-73.1875043354,-72.1583249574,-67.1956599618,1.02917937802,5.99184437356,0.2,sentence-transformers/all-MiniLM-L6-v2,0.0,,ablation/WikiMIA/WikiMIA_length32/pythia-6.9b/7
7,cba23a8e0f5268fe1ce6ce5a34c1d72345c621d0db7ef6c22b296bdeb4538702,1,-30.2131277804,-33.7503634369,-30.5949885199,-3.53723565642,-0.381860739445,0.2,sentence-transformers/all-MiniLM-L6-v2,0.0,,ablation/WikiMIA/WikiMIA_length32/pythia-6.9b/7
7,6e2a9beeb44e6cc0c35ca2ec159796ef636088daaa54476fc2c7c91b8324a126,0,-48.3545720798,-46.1216717626,-41.4052244116,2.23290031725,6.94934766825,0.2,sentence-transformers/all-MiniLM-L6-v2,0.0,,ablation/WikiMIA/WikiMIA_length32/pythia-6.9b/7
7,91cc6f596dd9fd440bd4eec44e0e274952ff52c019973e0471d6f0f47738ecd3,1,-63.2049506184,-57.0822295707,-60.8334620948,6.12272104769,2.37148852358,0.2,sentence-transformers/all-MiniLM-L6-v2,0.0,,ablation/WikiMIA/WikiMIA_length32/pythia-6.9b/7
7,d09259fd06a6f379b7ece34fcb03560a89f734784347f3275ad8fafce5e37515,0,-62.3978715284,-59.8008611337,-56.9566014738,2.5970103947,5.44127005461,0.2,sentence-transformers/all-MiniLM-L6-v2,0.0,,ablation/WikiMIA/WikiMIA_length32/pythia-6.9b/7
7,e92d6d3a1e55a0b19bc16cf9afccf707e7c4a1f453954abf4b2aa10cb82dc82c,1,-57.866551948,-56.0427962634,-54.7447615199,1.82375568461,3.12179042812,0.2,sentence-transformers/all-MiniLM-L6-v2,0.0,,ablation/WikiMIA/WikiMIA_length32/pythia-6.9b/7
7,6af751eaa9c3d3776dc2a5d4189924fb6092c7d7d386f9ec3350d54fdccf651b,0,-55.4822331563,-50.0247681612,-42.8895920082,5.45746499508,12.5926411481,0.2,sentence-transformers/all-MiniLM-L6-v2,0.0,,ablation/WikiMIA/WikiMIA_length32/pythia-6.9b/7
7,06b3e71385a356c7081bed706cab30df5c75cbaa24907d79a78a08dbbb87ef51,1,-37.5730243754,-36.3901364274,-39.4716655728,1.18288794805,-1.89864119741,0.2,sentence-transformers/all-MiniLM-L6-v2,0.0,,ablation/WikiMIA/WikiMIA_length32/pythia-6.9b/7
7,f1c18d6533e87757af1988a22962d15f5197d5f0881a71b2aa81f249935ac7c3,0,-74.382458231,-72.3533697676,-73.1537521781,2.02908846338,1.22870605288,0.2,sentence-transformers/all-MiniLM-L6-v2,0.0,,ablation/WikiMIA/WikiMIA_length32/pythia-6.9b/7
7,f15c2c223edc457311bb19c06e1e1a5036ad12b60be28d98c1bc8f0b45eef053,1,-55.8385360913,-53.0514956527,-53.7824169399,2.78704043856,2.05611915137,0.2,sentence-transformers/all-MiniLM-L6-v2,0.0,,ablation/WikiMIA/WikiMIA_length32/pythia-6.9b/7
7,e17d3255ccb7e1443262a2c9b66dfc245c06c6cfea5032aa71ebfd5463494b75,0,-45.2584129986,-47.0877040669,-44.6781060455,-1.82929106826,0.580306953097,0.2,sentence-transformers/all-MiniLM-L6-v2,0.0,,ablation/WikiMIA/WikiMIA_length32/pythia-6.9b/7
7,cf3684d6dc66ad92d79ef4595eae094c5f0f265030cecd38fa6f81d3f420ea62,1,-65.4848175125,-64.1616523713,-63.089022956,1.32316514114,2.39579455643,0.2,sentence-transformers/all-MiniLM-L6-v2,0.0,,ablation/WikiMIA/WikiMIA_length32/pythia-6.9b/7
7,068882adb6e3033f3f4e7c8f5c83decb193a02eb11801a34f3f62fba546515bc,0,-43.6853579865,-43.3941580164,-39.6609341385,0.291199970118,4.02442384801,0.2,sentence-transformers/all-MiniLM-L6-v2,0.0,,ablation/WikiMIA/WikiMIA_length32/pythia-6.9b/7
7,2f899dfe4c2f3cabc10af7e15d09ec90cad673da58844f5e418df5be7aaa40fa,1,-50.7883579343,-47.8756434439,-52.1596353814,2.91271449039,-1.37127744712,0.2,sentence-transformers/all-MiniLM-L6-v2,0.0,,ablation/WikiMIA/WikiMIA_length32/pythia-6.9b/7
7,12ba3f9c83272bcd2172c0c9e415983029b2b25091dc42b3d761e6b9a1059bdf,0,-46.5631190342,-38.6243457208,-47.8652390501,7.93877331332,-1.30212001592,0.2,sentence-transformers/all-MiniLM-L6-v2,0.0,,ablation/WikiMIA/WikiMIA_length32/pythia-6.9b/7
7,0af2d12fa44fc4066ff1cdd65c6cacfc5a192e9776e4e9775ea00d420eec9f38,1,-51.4046095805,-49.2775453094,-54.1574887857,2.12706427106,-2.75287920527,0.2,sentence-transformers/all-MiniLM-L6-v2,0.0,,ablation/WikiMIA/WikiMIA_length32/pythia-6.9b/7
7,6c42b5c3af4e70463e4ddb41ad73405a70e23454959e5d91b01b3a4197f9f8d6,0,-62.2454846532,-62.5644403304,-59.9399533892,-0.318955677205,2.30553126398,0.2,sentence-transformers/all-MiniLM-L6-v2,0.0,,ablation/WikiMIA/WikiMIA_length32/pythia-6.9b/7
7,29d4d0e1fbeaccba3106ebb40eb8de3d9db8fa70572886839b3f252154d7c3c3,1,-35.065956135,-33.9374281703,-39.0514180289,1.12852796477,-3.98546189381,0.2,sentence-transformers/all-MiniLM-L6-v2,0.0,,ablation/WikiMIA/WikiMIA_length32/pythia-6.9b/7
7,0f229a2aa33af2ea8fa568d629eac4fafcd3dfd42c9ff95c86f73e66ee9a5195,0,-59.230883348,-62.144463904,-59.3309366856,-2.91358055595,-0.100053337614,0.2,sentence-transformers/all-MiniLM-L6-v2,0.0,,ablation/WikiMIA/WikiMIA_length32/pythia-6.9b/7
7,a1863920d82f67e073849371d20877a7aa898440b6553b15a66c98a2fe35bea7,1,-48.0114577534,-41.8328211965,-44.4237663242,6.17863655683,3.58769142913,0.2,sentence-transformers/all-MiniLM-L6-v2,0.0,,ablation/WikiMIA/WikiMIA_length32/pythia-6.9b/7
7,4be2b18e9312034cfe6ff27434dd803fec62d74c4cd1d6f74ede1c19755abeb7,0,-46.9102850693,-45.1184634728,-41.922769961,1.79182159652,4.98751510833,0.2,sentence-transformers/all-MiniLM-L6-v2,0.0,,ablation/WikiMIA/WikiMIA_length32/pythia-6.9b/7
7,5fb1a92d45b0553481700ca5adb80dec131928ab07c2a9f53ba1c9507a838f32,1,-69.1867026769,-67.9498351316,-72.093253905,1.23686754529,-2.90655122817,0.2,sentence-transformers/all-MiniLM-L6-v2,0.0,,ablation/WikiMIA/WikiMIA_length32/pythia-6.9b/7
7,82203fe41a92345b1234f9185e1dd47b7e150c5482672c4fc14e857c1141fb38,0,-66.9882394037,-66.4578966154,-66.6570846573,0.530342788253,0.331154746324,0.2,sentence-transformers/all-MiniLM-L6-v2,0.0,,ablation/WikiMIA/WikiMIA_length32/pythia-6.9b/7
7,0a959203a0eb7215e70991351cb148755e082cd6f12615351261bfacfcc3f37c,1,-53.9562100276,-47.0857516997,-49.0897409583,6.87045832788,4.86646906933,0.2,sentence-transformers/all-MiniLM-L6-v2,0.0,,ablation/WikiMIA/WikiMIA_length32/pythia-6.9b/7
7,e4ad9eeb093c11ac043bdf41c989419a8c87c651e1dc7cc36481a997a82e7c56,0,-70.8992864241,-67.971832671,-65.8087924166,2.92745375312,5.09049400751,0.2,sentence-transformers/all-MiniLM-L6-v2,0.0,,ablation/WikiMIA/WikiMIA_length32/pythia-6.9b/7
7,4d2de94d64ac7ad4e2efec584bcbffa32efc74d743a096e9521d5627b0373040,1,-42.2829335533,-38.9397802795,-44.0984001361,3.34315327381,-1.81546658284,0.2,sentence-transformers/all-MiniLM-L6-v2,0.0,,ablation/WikiMIA/WikiMIA_length32/pythia-6.9b/7
7,794b0b8056d8224238dd096b2e5824109a2f3afd36556c218977bee05c322a64,0,-52.1167941733,-46.0674246422,-45.2807350413,6.04936953108,6.83605913201,0.2,sentence-transformers/all-MiniLM-L6-v2,0.0,,ablation/WikiMIA/WikiMIA_length32/pythia-6.9b/7
7,5887155f274eeafff76048ac3577802dca6f5305a3ad774fe9af5c29f7f8b24f,1,-60.2177058668,-56.2780114674,-57.356760378,3.93969439931,2.86094548878,0.2,sentence-transformers/all-MiniLM-L6-v2,0.0,,ablation/WikiMIA/WikiMIA_length32/pythia-6.9b/7
7,2f466cd5785774b8453cfdcdec8bc4a9ec9aacf1ceeaff09cbe6d93f83da54db,0,-64.4294728578,-61.0853571339,-59.07666958,3.34411572394,5.3528032778,0.2,sentence-transformers/all-MiniLM-L6-v2,0.0,,ablation/WikiMIA/WikiMIA_length32/pythia-6.9b/7
7,e22e41e7fb691fe5d4bb1a716ff6683415cea8efbd185314d31c63a81351040c,1,-63.1613905492,-59.0393898191,-63.152982955,4.12200073016,0.00840759425174,0.2,sentence-transformers/all-MiniLM-L6-v2,0.0,,ablation/WikiMIA/WikiMIA_length32/pythia-6.9b/7
7,48914ab08539edef287c9a077514700c52983b03f60eac4687163764689aa3f8,0,-59.3467589126,-51.5719732516,-51.1089901078,7.77478566103,8.23776880479,0.2,sentence-transformers/all-MiniLM-L6-v2,0.0,,ablation/WikiMIA/WikiMIA_length32/pythia-6.9b/7
7,6a64fee545ab2275fc950324eda66b0711cc28b914f3cd422a32e4492ffba773,1,-53.8680730073,-49.8303663564,-52.2892621346,4.03770665099,1.57881087271,0.2,sentence-transformers/all-MiniLM-L6-v2,0.0,,ablation/WikiMIA/WikiMIA_length32/pythia-6.9b/7
7,2c7c27f436c917cfed5fe2db21328f092afabf2d595e8380de07d7fb1073c3a8,0,-64.2972000879,-61.736432797,-62.0961931509,2.56076729087,2.20100693697,0.2,sentence-transformers/all-MiniLM-L6-v2,0.0,,ablation/WikiMIA/WikiMIA_length32/pythia-6.9b/7
7,f5b3a52988f190f45958f000c02e8e3df0bd8d97da77bb6e10b0902253344a09,1,-45.5195894538,-47.4410690062,-53.628595034,-1.92147955241,-8.10900558019,0.2,sentence-transformers/all-MiniLM-L6-v2,0.0,,ablation/WikiMIA/WikiMIA_length32/pythia-6.9b/7
7,cf7c93a6718ace4e6b7e1e255fa9175cf29a4ca09205f38c11d777807955017b,0,-43.6222824714,-42.998318688,-43.2911485957,0.623963783419,0.331133875716,0.2,sentence-transformers/all-MiniLM-L6-v2,0.0,,ablation/WikiMIA/WikiMIA_length32/pythia-6.9b/7
7,6845a318023ceb360d361b25290a8173991b2f39af1e06dcfdc7d94622afb463,1,-47.927434175,-40.2408137865,-42.9364552103,7.68662038851,4.99097896462,0.2,sentence-transformers/all-MiniLM-L6-v2,0.0,,ablation/WikiMIA/WikiMIA_length32/pythia-6.9b/7
7,f540842209c5e719eaca6cc625a2e251efbcd181de0af252fab2c9df1c42fdac,0,-37.7005314778,-33.0835563559,-40.8086027671,4.61697512186,-3.10807128934,0.2,sentence-transformers/all-MiniLM-L6-v2,0.0,,ablation/WikiMIA/WikiMIA_length32/pythia-6.9b/7
7,1097c0298eec4a091ff4bd96fa84f8ac0ae603aad24e345560473f65a5723952,1,-76.222993743,-77.1782147268,-78.6252004607,-0.955220983797,-2.4022067177,0.2,sentence-transformers/all-MiniLM-L6-v2,0.0,,ablation/WikiMIA/WikiMIA_length32/pythia-6.9b/7
7,8dd4779d459ba8fb72ced374fb90920883a99b08542f8884f53e6dfcfc27f544,0,-49.4351291147,-47.3008985425,-41.1539248923,2.13423057224,8.28120422242,0.2,sentence-transformers/all-MiniLM-L6-v2,0.0,,ablation/WikiMIA/WikiMIA_length32/pythia-6.9b/7
7,be0a895ab96282325494a010740fd49268e4a6d50e797752d242d8afd3a99fd5,1,-36.20700416,-33.0966699479,-35.5151165699,3.11033421204,0.69188759012,0.2,sentence-transformers/all-MiniLM-L6-v2,0.0,,ablation/WikiMIA/WikiMIA_length32/pythia-6.9b/7
7,b3075c220adcebb0b5d38228a7df31e2301617d3f7aaaf6399fbca9c705a5078,0,-63.0681634608,-56.9267159261,-58.2536806009,6.1414475347,4.81448285985,0.2,sentence-transformers/all-MiniLM-L6-v2,0.0,,ablation/WikiMIA/WikiMIA_length32/pythia-6.9b/7
7,3ee33496507cb137b87017c0f388333ce5e20a135fb03a0959d1c0b46b9786db,1,-40.4584433656,-35.1843515556,-37.8889565337,5.27409181002,2.56948683193,0.2,sentence-transformers/all-MiniLM-L6-v2,0.0,,ablation/WikiMIA/WikiMIA_length32/pythia-6.9b/7
7,e4ccdee8aac02979a7c180b5bc6ca2c470a093f9b2f3c29fe5332f3ce5086dc1,0,-59.426844401,-55.4585410721,-56.9136927764,3.96830332896,2.51315162459,0.2,sentence-transformers/all-MiniLM-L6-v2,0.0,,ablation/WikiMIA/WikiMIA_length32/pythia-6.9b/7
7,e53d583d47c4b45731900db10b44b3f4d7ed6a0c7993f2e3b2f5b5115281e44f,1,-43.1649810359,-41.5013211441,-40.6923692789,1.66365989186,2.47261175699,0.2,sentence-transformers/all-MiniLM-L6-v2,0.0,,ablation/WikiMIA/WikiMIA_length32/pythia-6.9b/7
7,90e5faf7c5d94663e8b347c4aab0693931bf83a0629be18590d5bf2bef4b4e85,0,-75.4663823771,-77.8958642723,-83.6103182205,-2.42948189523,-8.14393584342,0.2,sentence-transformers/all-MiniLM-L6-v2,0.0,,ablation/WikiMIA/WikiMIA_length32/pythia-6.9b/7
7,202aabaf89e331f9994219d11f7b18cf091a7e1d9920b884d343e13cb7078fd2,1,-44.9383336258,-42.6723991535,-46.68637569,2.26593447228,-1.74804206424,0.2,sentence-transformers/all-MiniLM-L6-v2,0.0,,ablation/WikiMIA/WikiMIA_length32/pythia-6.9b/7
7,cd0f2dfbb932ba13e2ca3c3358b70ffc5945bc58d7f08239aaf0cc019f92f6f1,0,-55.0983339489,-51.9416396567,-50.1498573001,3.15669429213,4.94847664876,0.2,sentence-transformers/all-MiniLM-L6-v2,0.0,,ablation/WikiMIA/WikiMIA_length32/pythia-6.9b/7
7,75a0bf60f9f42f52d32ea90ff57b76a8285b3cdc3e413cb60d6b8e29c4bd0941,1,-52.672617128,-44.3839913058,-44.7894160771,8.28862582215,7.88320105092,0.2,sentence-transformers/all-MiniLM-L6-v2,0.0,,ablation/WikiMIA/WikiMIA_length32/pythia-6.9b/7
7,d1f94b3e5e872cd3d9ecde5e5eab517b7e0d64c4a866156d7c6b085a79df8b08,0,-43.9236389147,-42.5945252398,-37.139665186,1.32911367496,6.78397372872,0.2,sentence-transformers/all-MiniLM-L6-v2,0.0,,ablation/WikiMIA/WikiMIA_length32/pythia-6.9b/7
7,a14b2ef32b80b4ba037e3b4373b3d6d1f825af6050b0c24223e2572aae051f55,1,-30.3650890837,-28.0213895627,-31.3955015864,2.34369952099,-1.03041250267,0.2,sentence-transformers/all-MiniLM-L6-v2,0.0,,ablation/WikiMIA/WikiMIA_length32/pythia-6.9b/7
7,3b8a13f6123ad8f29e43ac2d8e1e970d175e47c3a6a3b645e425a8473b169e43,0,-68.9864080271,-65.5965081401,-63.3992064532,3.389899887,5.58720157395,0.2,sentence-transformers/all-MiniLM-L6-v2,0.0,,ablation/WikiMIA/WikiMIA_length32/pythia-6.9b/7
7,bddb376bdef412a29c6d95167c9c88348c143d2e0d97a6544bbf00467c0ec11d,1,-33.0714275189,-29.1513639878,-34.6560893589,3.9200635311,-1.58466183997,0.2,sentence-transformers/all-MiniLM-L6-v2,0.0,,ablation/WikiMIA/WikiMIA_length32/pythia-6.9b/7
7,43cd8800323b242f66b900e7c37922a1cc47410c3b52a658a3e78a39a82266d6,0,-69.5532499083,-65.2188818452,-65.4963222093,4.33436806313,4.05692769903,0.2,sentence-transformers/all-MiniLM-L6-v2,0.0,,ablation/WikiMIA/WikiMIA_length32/pythia-6.9b/7
7,0f2fcb9cd95ecece30a029c2c3a8e3af81819022be736803c3667d373d9252aa,1,-59.6346897269,-53.3963759988,-59.1116172256,6.23831372813,0.523072501311,0.2,sentence-transformers/all-MiniLM-L6-v2,0.0,,ablation/WikiMIA/WikiMIA_length32/pythia-6.9b/7
7,a0ba4719b9cc9ad44796dbba1e5dd30e799b7f93cf3a46ebe8a96931878a464a,0,-65.5311835114,-62.9939220127,-63.2994659873,2.53726149873,2.23171752409,0.2,sentence-transformers/all-MiniLM-L6-v2,0.0,,ablation/WikiMIA/WikiMIA_length32/pythia-6.9b/7
7,65e5cc0f488d1a7bd43f069707ec57f9bc9d9eb10a0db38f9610d34845009603,1,-40.5278013283,-43.565252815,-50.2260284099,-3.03745148672,-9.69822708163,0.2,sentence-transformers/all-MiniLM-L6-v2,0.0,,ablation/WikiMIA/WikiMIA_length32/pythia-6.9b/7
7,140323e59161884d138e94ea2ecdf31621311252fc5b77bc376c636c234f70e9,0,-62.8984228593,-57.6073086207,-62.8921551782,5.29111423867,0.00626768109792,0.2,sentence-transformers/all-MiniLM-L6-v2,0.0,,ablation/WikiMIA/WikiMIA_length32/pythia-6.9b/7
7,a5904da25029881f4f8effb719dc399bec13e5dce751c85077df6ddc69454ee4,1,-51.19145152,-47.4105220719,-48.7685708806,3.78092944811,2.42288063941,0.2,sentence-transformers/all-MiniLM-L6-v2,0.0,,ablation/WikiMIA/WikiMIA_length32/pythia-6.9b/7
7,40f15281947d3562fed4a7c69ce9ada28875f4dcb6b58a45333686477c934e2e,0,-58.8459681932,-51.4579373606,-52.7972429139,7.38803083264,6.04872527933,0.2,sentence-transformers/all-MiniLM-L6-v2,0.0,,ablation/WikiMIA/WikiMIA_length32/pythia-6.9b/7
7,a1fab2362a3b9c24dca186afce3f7032efa95b3a4355d4810a6106defea34ef3,1,-77.1641212828,-76.3433120069,-74.1603959107,0.820809275873,3.00372537206,0.2,sentence-transformers/all-MiniLM-L6-v2,0.0,,ablation/WikiMIA/WikiMIA_length32/pythia-6.9b/7
7,d145c2796fd35f44c7537988276931c746584f39e7953687a8d98e48c746a897,0,-50.0627663728,-49.5083500948,-43.5685267843,0.554416277963,6.49423958842,0.2,sentence-transformers/all-MiniLM-L6-v2,0.0,,ablation/WikiMIA/WikiMIA_length32/pythia-6.9b/7
7,1e587cd8016e8790b58e127ea9f4061b8b68a3881e73dce68a3838e09e49a119,1,-34.1333747949,-34.3190751277,-37.2255591518,-0.18570033273,-3.0921843568,0.2,sentence-transformers/all-MiniLM-L6-v2,0.0,,ablation/WikiMIA/WikiMIA_length32/pythia-6.9b/7
7,7fd4b11c8a52ded0fa7cfbf4d30b96a79dce02f2801139c159b4b1add53f0b74,0,-50.9212562926,-52.8480226571,-51.8334519426,-1.92676636452,-0.912195650025,0.2,sentence-transformers/all-MiniLM-L6-v2,0.0,,ablation/WikiMIA/WikiMIA_length32/pythia-6.9b/7
7,45ff4c44c8dd5ac23589f80480e0a12ee32dbc6b0ff820fea0c1821c99011820,1,-49.4391752969,-44.0808480376,-46.4623343644,5.35832725924,2.9768409325,0.2,sentence-transformers/all-MiniLM-L6-v2,0.0,,ablation/WikiMIA/WikiMIA_length32/pythia-6.9b/7
7,6f54fb7d7d85a7ef7558fac760c845d6b14de01e18b008a0ff9445d2d0a2d2e9,0,-48.7786929166,-45.4871199794,-41.5712651243,3.29157293726,7.20742779237,0.2,sentence-transformers/all-MiniLM-L6-v2,0.0,,ablation/WikiMIA/WikiMIA_length32/pythia-6.9b/7
7,b57bf7239784b3fb55bb3304059a5c1f23e0961f43900c752f48bf2ee6618e5e,1,-36.2406291226,-31.3539935696,-38.5268859428,4.886635553,-2.28625682019,0.2,sentence-transformers/all-MiniLM-L6-v2,0.0,,ablation/WikiMIA/WikiMIA_length32/pythia-6.9b/7
7,fe7de5f54c24779187462621b59a91bb80a5243a2523859f4adc6c872ab4ef17,0,-64.4729186235,-65.4314919279,-62.7056903784,-0.958573304377,1.76722824505,0.2,sentence-transformers/all-MiniLM-L6-v2,0.0,,ablation/WikiMIA/WikiMIA_length32/pythia-6.9b/7
7,3fb87a782d43bc7a372b0fa48c7d1dcb0a5786cca6afb03239868ebfc8505fff,1,-62.1931264139,-58.1543870204,-64.5036465254,4.0387393934,-2.3105201116,0.2,sentence-transformers/all-MiniLM-L6-v2,0.0,,ablation/WikiMIA/WikiMIA_length32/pythia-6.9b/7
7,8fb8d4f51944d2c99f15aa1761fc45ed82e41c77b0a31a52a77c8f3cdd2caec0,0,-52.5824342629,-55.2615955657,-50.280481894,-2.67916130283,2.30195236889,0.2,sentence-transformers/all-MiniLM-L6-v2,0.0,,ablation/WikiMIA/WikiMIA_length32/pythia-6.9b/7
7,fc81c429d61a8cf84a7cce7b35d4451b33ad8b9e10008c153ae6a01687a78b2c,1,-41.4538794153,-35.5446277056,-37.9398589145,5.90925170963,3.51402050079,0.2,sentence-transformers/all-MiniLM-L6-v2,0.0,,ablation/WikiMIA/WikiMIA_length32/pythia-6.9b/7
7,bb48424130a844e32dc66a2d35e67c71a1252d841875088f467e74bd42edd0ce,0,-47.5585672644,-42.2825132247,-43.1606129151,5.27605403972,4.3979543493,0.2,sentence-transformers/all-MiniLM-L6-v2,0.0,,ablation/WikiMIA/WikiMIA_length32/pythia-6.9b/7
7,ebaa7cf33b485ddd6eebc4e4d2115930ccc1bbe9b8c850a516f3177a3aea7109,1,-69.230658175,-67.4811262595,-68.8461790193,1.74953191556,0.384479155766,0.2,sentence-transformers/all-MiniLM-L6-v2,0.0,,ablation/WikiMIA/WikiMIA_length32/pythia-6.9b/7
7,bb24ef8f701942b260f08f2f7450569bf1c507053952a0a83eb8e5f43d138ab7,0,-58.4302505824,-56.8962270526,-58.4308860821,1.53402352978,-0.00063549971874,0.2,sentence-transformers/all-MiniLM-L6-v2,0.0,,ablation/WikiMIA/WikiMIA_length32/pythia-6.9b/7
7,4c0f3c90016a60d07fc2eb7a9bcbf973347f2426eda1ae67551cb467af198b89,1,-31.2744099756,-33.3839919279,-35.8010972079,-2.10958195231,-4.52668723231,0.2,sentence-transformers/all-MiniLM-L6-v2,0.0,,ablation/WikiMIA/WikiMIA_length32/pythia-6.9b/7
7,ae62067fab354c4df5b43d04446cd0417c2de2dfa1976016c2d12174296ea9f6,0,-46.3323589943,-43.5625270648,-42.5049017258,2.76983192947,3.82745726854,0.2,sentence-transformers/all-MiniLM-L6-v2,0.0,,ablation/WikiMIA/WikiMIA_length32/pythia-6.9b/7
7,618570c765677b8a6ae914a1827e98439f112f7d39f63b4e4ce690cf543fe608,1,-46.3818176695,-42.3656384418,-44.3440466415,4.01617922772,2.037771028,0.2,sentence-transformers/all-MiniLM-L6-v2,0.0,,ablation/WikiMIA/WikiMIA_length32/pythia-6.9b/7
7,ab2d65f99a388d107dbfa7689d9a48726043434398da74658833054c7793ef48,0,-48.6478975104,-48.9037993714,-44.450656021,-0.255901861008,4.19724148939,0.2,sentence-transformers/all-MiniLM-L6-v2,0.0,,ablation/WikiMIA/WikiMIA_length32/pythia-6.9b/7
7,2e31916d722f8b22749a2527c72fdc0dc4a3b77ec65ffd5d6db170f269de42aa,1,-56.7314941423,-53.2856886923,-56.9715087249,3.44580544996,-0.24001458264,0.2,sentence-transformers/all-MiniLM-L6-v2,0.0,,ablation/WikiMIA/WikiMIA_length32/pythia-6.9b/7
7,8c7f44c96e2c54a822647ca88cdc9032493ffc1b2e632a758ecd943ffc062dcb,0,-66.9435821161,-65.9621768985,-64.3938934219,0.98140521758,2.54968869425,0.2,sentence-transformers/all-MiniLM-L6-v2,0.0,,ablation/WikiMIA/WikiMIA_length32/pythia-6.9b/7
7,0392633da17c40b4e05149d1ee7c1a33d3c873fefdf081123b912d194855b1d1,1,-64.9796532327,-58.9505401609,-62.8521780509,6.02911307184,2.12747518181,0.2,sentence-transformers/all-MiniLM-L6-v2,0.0,,ablation/WikiMIA/WikiMIA_length32/pythia-6.9b/7
7,9b93bd8181d50b83f443201fa4925cae04c6683c72a5fcd03bea2ca22cfff57c,0,-50.6555045605,-48.3807003234,-48.641326577,2.27480423709,2.01417798347,0.2,sentence-transformers/all-MiniLM-L6-v2,0.0,,ablation/WikiMIA/WikiMIA_length32/pythia-6.9b/7
7,7f890e3484f4fb056e4c654f76a6566c6b57ccebcc9602ff7f0fc6f4fb0864b6,1,-62.5722765958,-60.8536730735,-63.2140188946,1.71860352227,-0.641742298762,0.2,sentence-transformers/all-MiniLM-L6-v2,0.0,,ablation/WikiMIA/WikiMIA_length32/pythia-6.9b/7
7,998af6f269126dbcaf7722fdf959f4a07b7625d2491c3c96654d4611b4bfd03f,0,-49.179739986,-43.3753679953,-41.6922413737,5.80437199067,7.48749861228,0.2,sentence-transformers/all-MiniLM-L6-v2,0.0,,ablation/WikiMIA/WikiMIA_length32/pythia-6.9b/7
7,e8eddd69f9ab997fe54cca6d7c5421ad454beea0730af0dd52f531cbad4d0512,1,-62.6356388512,-63.802490608,-60.7616806132,-1.16685175677,1.873958238,0.2,sentence-transformers/all-MiniLM-L6-v2,0.0,,ablation/WikiMIA/WikiMIA_length32/pythia-6.9b/7
7,6af0bda06099349ad66c44be725c611337819f9c3c0418a153758486737f3d34,0,-28.4359676957,-35.9415541227,-33.5421081142,-7.50558642697,-5.10614041852,0.2,sentence-transformers/all-MiniLM-L6-v2,0.0,,ablation/WikiMIA/WikiMIA_length32/pythia-6.9b/7
7,f714e897de4d08c553b8bed88e59b928693657e23181a234cab3650ca36a7a40,1,-44.4755517367,-45.0356299302,-48.6103200862,-0.560078193501,-4.13476834955,0.2,sentence-transformers/all-MiniLM-L6-v2,0.0,,ablation/WikiMIA/WikiMIA_length32/pythia-6.9b/7
7,f32079d26d9350cee1198286f4cb906fc56367e2c626ec543ca17ac9026e3a9e,0,-65.6298540377,-61.7091366186,-59.9913665624,3.92071741908,5.6384874753,0.2,sentence-transformers/all-MiniLM-L6-v2,0.0,,ablation/WikiMIA/WikiMIA_length32/pythia-6.9b/7
7,6763ee5b6502e9c8674ee117e55f97d98d0bf2727322a5543a6b7faa294f7300,1,-43.107541641,-36.0641705544,-46.4955219524,7.04337108652,-3.38798031142,0.2,sentence-transformers/all-MiniLM-L6-v2,0.0,,ablation/WikiMIA/WikiMIA_length32/pythia-6.9b/7
7,d19e71504106a20191564cf37b4b9a3bdd85b80c74d3951fa237638fdcac854a,0,-62.1073134018,-63.3107323018,-56.838420689,-1.20341890001,5.26889271278,0.2,sentence-transformers/all-MiniLM-L6-v2,0.0,,ablation/WikiMIA/WikiMIA_length32/pythia-6.9b/7
7,064360bcd10f72ab09f39a998cc76d8ea11ae4a28e0eb7b130cb640f46ce37ca,1,-58.6348267472,-53.8294109663,-57.3541199817,4.8054157809,1.28070676551,0.2,sentence-transformers/all-MiniLM-L6-v2,0.0,,ablation/WikiMIA/WikiMIA_length32/pythia-6.9b/7
7,4538a5cb8fddf62912b1082d59a3e01238749174451e39f03005d8ec3c5137e2,0,-54.8985259452,-52.1950901571,-48.1318234047,2.70343578813,6.76670254051,0.2,sentence-transformers/all-MiniLM-L6-v2,0.0,,ablation/WikiMIA/WikiMIA_length32/pythia-6.9b/7
7,8bbb77fcf27639725189c2ab2225944a42ab1aa1df706bdd14d6b6b6ca68a807,1,-51.5987813765,-47.1154773107,-52.0704355528,4.48330406582,-0.471654176283,0.2,sentence-transformers/all-MiniLM-L6-v2,0.0,,ablation/WikiMIA/WikiMIA_length32/pythia-6.9b/7
7,d219bad16f18eb3281c32b0858ada84807d23e65ca1c132ed2dffe83c3f20040,0,-46.8477531241,-45.7542203073,-43.0544894027,1.09353281673,3.79326372136,0.2,sentence-transformers/all-MiniLM-L6-v2,0.0,,ablation/WikiMIA/WikiMIA_length32/pythia-6.9b/7
7,910ab64024f773e03df1e6e3e8f93e41d3bb604b418455a0ad0e6c25bb53045e,1,-48.0054539559,-49.081622408,-47.9080485385,-1.0761684521,0.0974054174022,0.2,sentence-transformers/all-MiniLM-L6-v2,0.0,,ablation/WikiMIA/WikiMIA_length32/pythia-6.9b/7
7,4f50c970eddc4144000fdf5b6af36937e111cdcb25f05bd167439a1b07e38f0a,0,-36.2003206106,-33.769902172,-32.8660962551,2.43041843863,3.33422435552,0.2,sentence-transformers/all-MiniLM-L6-v2,0.0,,ablation/WikiMIA/WikiMIA_length32/pythia-6.9b/7
7,3d5e2aaa95eda4f3a8f1c694ef609c9c9fa83cc5d0b240648165d20cc3f69abd,1,-42.4782965056,-35.7566731416,-39.5861497601,6.72162336405,2.89214674551,0.2,sentence-transformers/all-MiniLM-L6-v2,0.0,,ablation/WikiMIA/WikiMIA_length32/pythia-6.9b/7
7,e0e7486b3c61eede34d6a7011b9ffbf4f2a22a7b15a7a691ea40c7b2c8448925,0,-63.4556337473,-63.9523626441,-71.9141777222,-0.49672889684,-8.45854397488,0.2,sentence-transformers/all-MiniLM-L6-v2,0.0,,ablation/WikiMIA/WikiMIA_length32/pythia-6.9b/7
7,b4ffc665a8b4be776964ef3d10899f02c9fcdd6ff895f2a6780c37510528f848,1,-44.5422090565,-40.6698946402,-43.2348516239,3.87231441629,1.30735743259,0.2,sentence-transformers/all-MiniLM-L6-v2,0.0,,ablation/WikiMIA/WikiMIA_length32/pythia-6.9b/7
